<Schema name="AlflyticsAuditTrail" description="Alflytics audit trail by Francesco Corti (fcorti@gmail.com)" measuresCaption="Measures">

  <Dimension type="StandardDimension" visible="true" highCardinality="false" name="Action" description="Action">
    <Hierarchy name="Action" visible="true" hasAll="true" primaryKeyTable="DWH_ALF_DIM_ACTIONS" primaryKey="ID" description="Action">
      <Table name="DWH_ALF_DIM_ACTIONS" keyColumn="ID" />
      <Level name="Action" visible="true" table="DWH_ALF_DIM_ACTIONS" column="ID" nameColumn="DESCRIPTION" type="Integer" uniqueMembers="true" levelType="Regular" hideMemberIf="Never" />
    </Hierarchy>
  </Dimension>

  <Dimension type="StandardDimension" visible="true" highCardinality="false" name="Alfresco instance" description="Alfresco instance">
    <Hierarchy name="Alfresco instance" visible="true" hasAll="true" primaryKeyTable="DWH_ALF_DIM_INSTANCES" primaryKey="ID" description="Alfresco instance">
      <Table name="DWH_ALF_DIM_INSTANCES" keyColumn="ID" />
      <Level name="Alfresco instance" visible="true" table="DWH_ALF_DIM_INSTANCES" column="ID" nameColumn="DESCRIPTION" type="Integer" uniqueMembers="true" levelType="Regular" hideMemberIf="Never" />
    </Hierarchy>
  </Dimension>

  <Dimension type="StandardDimension" visible="true" highCardinality="false" name="Date" description="Date">
    <Hierarchy name="Date" visible="true" hasAll="true" primaryKeyTable="DWH_DIM_DATES" primaryKey="ID" description="Date">
      <Join leftKey="MONTH_ID" rightAlias="DWH_DIM_DATES_MONTHS" rightKey="ID">
        <Table name="DWH_DIM_DATES" keyColumn="ID" />
        <Join leftKey="YEAR_ID" rightAlias="DWH_DIM_DATES_YEARS" rightKey="ID">
          <Table name="DWH_DIM_DATES_MONTHS" keyColumn="ID" />
          <Table name="DWH_DIM_DATES_YEARS" keyColumn="ID" />
        </Join>
      </Join>
      <Level name="Year" visible="true" table="DWH_DIM_DATES_YEARS" column="ID" nameColumn="DESCRIPTION" type="Integer" uniqueMembers="true" levelType="Regular" hideMemberIf="Never" />
      <Level name="Month" visible="true" table="DWH_DIM_DATES_MONTHS" column="ID" nameColumn="DESCRIPTION" type="Date" uniqueMembers="true" levelType="Regular" hideMemberIf="Never" />
      <Level name="Date" visible="true" table="DWH_DIM_DATES" column="ID" nameColumn="DESCRIPTION" type="Date" uniqueMembers="true" levelType="Regular" hideMemberIf="Never" />
    </Hierarchy>
  </Dimension>

  <Dimension type="StandardDimension" visible="true" highCardinality="false" name="Time" description="Time">
    <Hierarchy name="Time" visible="true" hasAll="true" primaryKeyTable="DWH_DIM_TIME_MINUTES" primaryKey="ID" description="Time">
      <Join leftKey="HOUR_ID" rightAlias="DWH_DIM_TIME_HOURS" rightKey="ID">
        <Table name="DWH_DIM_TIME_MINUTES" keyColumn="ID" />
        <Table name="DWH_DIM_TIME_HOURS" keyColumn="ID" />
      </Join>
      <Level name="Hour" visible="true" table="DWH_DIM_TIME_HOURS" column="ID" nameColumn="DESCRIPTION" type="Integer" uniqueMembers="true" levelType="Regular" hideMemberIf="Never" />
      <Level name="Minute" visible="true" table="DWH_DIM_TIME_MINUTES" column="ID" nameColumn="DESCRIPTION" type="Integer" uniqueMembers="true" levelType="Regular" hideMemberIf="Never" />
    </Hierarchy>
  </Dimension>

  <Dimension type="StandardDimension" visible="true" highCardinality="false" name="User" description="User">
    <Hierarchy name="User" visible="true" hasAll="true" primaryKeyTable="DWH_ALF_DIM_USERS" primaryKey="ID" description="User">
      <Table name="DWH_ALF_DIM_USERS" keyColumn="ID" />
      <Level name="User" visible="true" table="DWH_ALF_DIM_USERS" column="ID" nameColumn="ALF_ID" type="Integer" uniqueMembers="true" levelType="Regular" hideMemberIf="Never" />
    </Hierarchy>
  </Dimension>

  <Cube name="AlflyticsAuditTrail" caption="Alflytics audit trail" visible="true" description="Alflytics audit trail by Francesco Corti (fcorti@gmail.com)" cache="true" enabled="true">
    <Table name="DWH_ALF_FACT_ACCESSES" />
    <DimensionUsage source="Alfresco instance" name="Alfresco instance" visible="true" foreignKey="INSTANCE_ID" highCardinality="false" />
    <DimensionUsage source="Date" name="Date" visible="true" foreignKey="DATE_ID" highCardinality="false" />
    <DimensionUsage source="Time" name="Time" visible="true" foreignKey="MINUTE_ID" highCardinality="false" />
    <DimensionUsage source="User" name="User" visible="true" foreignKey="USER_ID" highCardinality="false" />
    <Dimension type="StandardDimension" visible="true" highCardinality="true" name="User description" description="User description" foreignKey="USER_DESCRIPTION">
      <Hierarchy name="User description" visible="true" hasAll="true" primaryKey="USER_DESCRIPTION" description="User description">
        <Level name="User description" visible="true" column="USER_DESCRIPTION" nameColumn="USER_DESCRIPTION" type="String" uniqueMembers="true" levelType="Regular" hideMemberIf="Never" />
      </Hierarchy>
    </Dimension>
    <DimensionUsage source="Action" name="Action" visible="true" foreignKey="ACTION_ID" highCardinality="false" />
    <Dimension type="StandardDimension" visible="true" highCardinality="true" name="Node path" description="Node path" foreignKey="NODE_PATH">
      <Hierarchy name="Node path" visible="true" hasAll="true" primaryKey="NODE_PATH" description="Node path">
        <Level name="Node path" visible="true" column="NODE_PATH" nameColumn="NODE_PATH" type="String" uniqueMembers="true" levelType="Regular" hideMemberIf="Never" />
      </Hierarchy>
    </Dimension>
    <Measure name="Actions" datatype="Integer" aggregator="count" caption="Actions" description="Actions" visible="true" />
  </Cube>
</Schema>
