<?xml version="1.0" encoding="UTF-8" standalone="yes"?>
<ns2:ExportManifest xmlns:ns2="http://www.pentaho.com/schema/">
    <ExportManifestInformation exportDate="31-12-2016 10:01:39 CET" exportBy="admin" rootFolder="/" manifestVersion="2"/>
    <ExportManifestMondrian file="_datasources/analysis/Alflytics/schema.xml">
        <catalogName>Alflytics</catalogName>
        <xmlaEnabled>false</xmlaEnabled>
        <parameters>
            <entries>
                <entry key="EnableXmla" value="false"/>
                <entry key="Provider" value="mondrian"/>
                <entry key="DataSource" value="Alflytics"/>
            </entries>
        </parameters>
    </ExportManifestMondrian>
    <ExportManifestDatasource>
        <accessType>NATIVE</accessType>
        <accessTypeValue>NATIVE</accessTypeValue>
        <attributes>
            <entry>
                <key>CUSTOM_URL</key>
                <value>jdbc:hsqldb:hsql://localhost:9001/alflytics</value>
            </entry>
            <entry>
                <key>CUSTOM_DRIVER_CLASS</key>
                <value>org.hsqldb.jdbc.JDBCDriver</value>
            </entry>
        </attributes>
        <databaseType>
            <name>Generic database</name>
            <shortName>GENERIC</shortName>
            <supportedAccessTypes>NATIVE</supportedAccessTypes>
        </databaseType>
        <name>Alflytics</name>
        <password>password</password>
        <username>admin</username>
    </ExportManifestDatasource>
</ns2:ExportManifest>
