<?xml version="1.0" encoding="UTF-8" standalone="yes"?>
<ns2:ExportManifest xmlns:ns2="http://www.pentaho.com/schema/">
    <ExportManifestInformation exportDate="31-12-2016 10:01:39 CET" exportBy="admin" rootFolder="/" manifestVersion="2"/>
    <ExportManifestDatasource>
        <accessType>NATIVE</accessType>
        <accessTypeValue>NATIVE</accessTypeValue>
        <attributes>
            <entry>
                <key>CUSTOM_URL</key>
                <value>jdbc:mysql://localhost:3306/alflytics</value>
            </entry>
            <entry>
                <key>CUSTOM_DRIVER_CLASS</key>
                <value>com.mysql.jdbc.Driver</value>
            </entry>
        </attributes>
        <databaseType>
            <name>Generic database</name>
            <shortName>GENERIC</shortName>
            <supportedAccessTypes>NATIVE</supportedAccessTypes>
        </databaseType>
        <name>Alflytics</name>
        <password>root</password>
        <username>root</username>
    </ExportManifestDatasource>
</ns2:ExportManifest>
