<?xml version="1.0" encoding="UTF-8" standalone="yes"?>
<ns2:ExportManifest xmlns:ns2="http://www.pentaho.com/schema/">
    <ExportManifestInformation exportDate="21-03-2017 09:12:12 CET" exportBy="admin" rootFolder="/" manifestVersion="2"/>
    <ExportManifestEntity path="public/Alflytics/Reports">
        <ExportManifestProperty>
            <EntityMetaData name="Reports" createdDate="2017-03-16T19:33:19.335+01:00" isFolder="true" path="public/Alflytics/Reports" isHidden="false" locale="en_US" title="Reports"/>
        </ExportManifestProperty>
        <ExportManifestProperty>
            <EntityAcl>
                <entriesInheriting>true</entriesInheriting>
                <owner>admin</owner>
                <ownerType>USER</ownerType>
            </EntityAcl>
        </ExportManifestProperty>
    </ExportManifestEntity>
    <ExportManifestEntity path="public/Alflytics/Reports/alfresco_auditTrail_actions.prpt">
        <ExportManifestProperty>
            <EntityMetaData name="alfresco_auditTrail_actions.prpt" createdDate="2017-03-20T17:03:43.748+01:00" isFolder="false" path="public/Alflytics/Reports/alfresco_auditTrail_actions.prpt" isHidden="false" locale="en_US" title="alfresco_auditTrail_actions"/>
        </ExportManifestProperty>
        <ExportManifestProperty>
            <EntityAcl>
                <entriesInheriting>true</entriesInheriting>
                <owner>admin</owner>
                <ownerType>USER</ownerType>
            </EntityAcl>
        </ExportManifestProperty>
    </ExportManifestEntity>
    <ExportManifestEntity path="public/Alflytics/Reports/alfresco_auditTrail_days.prpt">
        <ExportManifestProperty>
            <EntityMetaData name="alfresco_auditTrail_days.prpt" createdDate="2017-03-20T17:27:32.067+01:00" isFolder="false" path="public/Alflytics/Reports/alfresco_auditTrail_days.prpt" isHidden="false" locale="en_US" title="alfresco_auditTrail_days"/>
        </ExportManifestProperty>
        <ExportManifestProperty>
            <EntityAcl>
                <entriesInheriting>true</entriesInheriting>
                <owner>admin</owner>
                <ownerType>USER</ownerType>
            </EntityAcl>
        </ExportManifestProperty>
    </ExportManifestEntity>
    <ExportManifestEntity path="public/Alflytics/Reports/alfresco_auditTrail_details.prpt">
        <ExportManifestProperty>
            <EntityMetaData name="alfresco_auditTrail_details.prpt" createdDate="2017-03-20T18:12:45.936+01:00" isFolder="false" path="public/Alflytics/Reports/alfresco_auditTrail_details.prpt" isHidden="false" locale="en_US" title="alfresco_auditTrail_details"/>
        </ExportManifestProperty>
        <ExportManifestProperty>
            <EntityAcl>
                <entriesInheriting>true</entriesInheriting>
                <owner>admin</owner>
                <ownerType>USER</ownerType>
            </EntityAcl>
        </ExportManifestProperty>
    </ExportManifestEntity>
    <ExportManifestEntity path="public/Alflytics/Reports/alfresco_auditTrail_time.prpt">
        <ExportManifestProperty>
            <EntityMetaData name="alfresco_auditTrail_time.prpt" createdDate="2017-03-20T18:15:54.839+01:00" isFolder="false" path="public/Alflytics/Reports/alfresco_auditTrail_time.prpt" isHidden="false" locale="en_US" title="alfresco_auditTrail_time"/>
        </ExportManifestProperty>
        <ExportManifestProperty>
            <EntityAcl>
                <entriesInheriting>true</entriesInheriting>
                <owner>admin</owner>
                <ownerType>USER</ownerType>
            </EntityAcl>
        </ExportManifestProperty>
    </ExportManifestEntity>
    <ExportManifestEntity path="public/Alflytics/Reports/alfresco_auditTrail_topContent.prpt">
        <ExportManifestProperty>
            <EntityMetaData name="alfresco_auditTrail_topContent.prpt" createdDate="2017-03-20T20:28:42.575+01:00" isFolder="false" path="public/Alflytics/Reports/alfresco_auditTrail_topContent.prpt" isHidden="false" locale="en_US" title="alfresco_auditTrail_topContent"/>
        </ExportManifestProperty>
        <ExportManifestProperty>
            <EntityAcl>
                <entriesInheriting>true</entriesInheriting>
                <owner>admin</owner>
                <ownerType>USER</ownerType>
            </EntityAcl>
        </ExportManifestProperty>
    </ExportManifestEntity>
    <ExportManifestEntity path="public/Alflytics/Reports/alfresco_auditTrail_topUsers.prpt">
        <ExportManifestProperty>
            <EntityMetaData name="alfresco_auditTrail_topUsers.prpt" createdDate="2017-03-21T08:28:13.813+01:00" isFolder="false" path="public/Alflytics/Reports/alfresco_auditTrail_topUsers.prpt" isHidden="false" locale="en_US" title="alfresco_auditTrail_topUsers"/>
        </ExportManifestProperty>
        <ExportManifestProperty>
            <EntityAcl>
                <entriesInheriting>true</entriesInheriting>
                <owner>admin</owner>
                <ownerType>USER</ownerType>
            </EntityAcl>
        </ExportManifestProperty>
    </ExportManifestEntity>
    <ExportManifestEntity path="public/Alflytics/Reports/alfresco_auditTrail_user.prpt">
        <ExportManifestProperty>
            <EntityMetaData name="alfresco_auditTrail_user.prpt" createdDate="2017-03-21T09:08:49.713+01:00" isFolder="false" path="public/Alflytics/Reports/alfresco_auditTrail_user.prpt" isHidden="false" locale="en_US" title="alfresco_auditTrail_user"/>
        </ExportManifestProperty>
        <ExportManifestProperty>
            <EntityAcl>
                <entriesInheriting>true</entriesInheriting>
                <owner>admin</owner>
                <ownerType>USER</ownerType>
            </EntityAcl>
        </ExportManifestProperty>
    </ExportManifestEntity>
</ns2:ExportManifest>
