<?xml version="1.0" encoding="UTF-8" standalone="yes"?>
<ns2:ExportManifest xmlns:ns2="http://www.pentaho.com/schema/">
    <ExportManifestInformation exportDate="16-03-2017 02:09:16 CET" exportBy="admin" rootFolder="/" manifestVersion="2"/>
    <ExportManifestEntity path="public/Alflytics">
        <ExportManifestProperty>
            <EntityMetaData name="Alflytics" createdDate="2017-03-16T08:55:43.241+01:00" isFolder="true" path="public/Alflytics" isHidden="false" locale="en_US" title="Alflytics"/>
        </ExportManifestProperty>
        <ExportManifestProperty>
            <EntityAcl>
                <entriesInheriting>true</entriesInheriting>
                <owner>admin</owner>
                <ownerType>USER</ownerType>
            </EntityAcl>
        </ExportManifestProperty>
    </ExportManifestEntity>
    <ExportManifestEntity path="public/Alflytics/ETL">
        <ExportManifestProperty>
            <EntityMetaData name="ETL" createdDate="2017-03-16T08:55:43.518+01:00" isFolder="true" path="public/Alflytics/ETL" isHidden="false" locale="en_US" title="ETL"/>
        </ExportManifestProperty>
        <ExportManifestProperty>
            <EntityAcl>
                <entriesInheriting>true</entriesInheriting>
                <owner>admin</owner>
                <ownerType>USER</ownerType>
            </EntityAcl>
        </ExportManifestProperty>
    </ExportManifestEntity>
    <ExportManifestEntity path="public/Alflytics/ETL/Build schema.kjb">
        <ExportManifestProperty>
            <EntityMetaData name="Build schema.kjb" createdDate="2017-03-16T09:27:32.342+01:00" isFolder="false" path="public/Alflytics/ETL/Build schema.kjb" isHidden="true" locale="en_US" title="Build schema"/>
        </ExportManifestProperty>
        <ExportManifestProperty>
            <EntityAcl>
                <entriesInheriting>true</entriesInheriting>
                <owner>admin</owner>
                <ownerType>USER</ownerType>
            </EntityAcl>
        </ExportManifestProperty>
    </ExportManifestEntity>
    <ExportManifestEntity path="public/Alflytics/ETL/Data warehouse">
        <ExportManifestProperty>
            <EntityMetaData name="Data warehouse" createdDate="2017-03-16T09:28:18.763+01:00" isFolder="true" path="public/Alflytics/ETL/Data warehouse" isHidden="false" locale="en_US" title="Warehouse"/>
        </ExportManifestProperty>
        <ExportManifestProperty>
            <EntityAcl>
                <entriesInheriting>true</entriesInheriting>
                <owner>admin</owner>
                <ownerType>USER</ownerType>
            </EntityAcl>
        </ExportManifestProperty>
    </ExportManifestEntity>
    <ExportManifestEntity path="public/Alflytics/ETL/Data warehouse/Alfresco audit trail">
        <ExportManifestProperty>
            <EntityMetaData name="Alfresco audit trail" createdDate="2017-03-16T09:29:38.768+01:00" isFolder="true" path="public/Alflytics/ETL/Data warehouse/Alfresco audit trail" isHidden="false" locale="en_US" title="Alfresco audit trail"/>
        </ExportManifestProperty>
        <ExportManifestProperty>
            <EntityAcl>
                <entriesInheriting>true</entriesInheriting>
                <owner>admin</owner>
                <ownerType>USER</ownerType>
            </EntityAcl>
        </ExportManifestProperty>
    </ExportManifestEntity>
    <ExportManifestEntity path="public/Alflytics/ETL/Data warehouse/Alfresco audit trail/Get Alfresco audit trail in warehouse.kjb">
        <ExportManifestProperty>
            <EntityMetaData name="Get Alfresco audit trail in warehouse.kjb" createdDate="2017-03-16T09:29:39.173+01:00" isFolder="false" path="public/Alflytics/ETL/Data warehouse/Alfresco audit trail/Get Alfresco audit trail in warehouse.kjb" isHidden="true" locale="en_US" title="Get Alfresco audit trail in warehouse"/>
        </ExportManifestProperty>
        <ExportManifestProperty>
            <EntityAcl>
                <entriesInheriting>true</entriesInheriting>
                <owner>admin</owner>
                <ownerType>USER</ownerType>
            </EntityAcl>
        </ExportManifestProperty>
    </ExportManifestEntity>
    <ExportManifestEntity path="public/Alflytics/ETL/Data warehouse/Alfresco processes">
        <ExportManifestProperty>
            <EntityMetaData name="Alfresco processes" createdDate="2017-03-16T09:29:42.106+01:00" isFolder="true" path="public/Alflytics/ETL/Data warehouse/Alfresco processes" isHidden="false" locale="en_US" title="Alfresco processes"/>
        </ExportManifestProperty>
        <ExportManifestProperty>
            <EntityAcl>
                <entriesInheriting>true</entriesInheriting>
                <owner>admin</owner>
                <ownerType>USER</ownerType>
            </EntityAcl>
        </ExportManifestProperty>
    </ExportManifestEntity>
    <ExportManifestEntity path="public/Alflytics/ETL/Data warehouse/Alfresco processes/Get Alfresco processes in warehouse.kjb">
        <ExportManifestProperty>
            <EntityMetaData name="Get Alfresco processes in warehouse.kjb" createdDate="2017-03-16T09:29:42.369+01:00" isFolder="false" path="public/Alflytics/ETL/Data warehouse/Alfresco processes/Get Alfresco processes in warehouse.kjb" isHidden="true" locale="en_US" title="Get Alfresco processes in warehouse"/>
        </ExportManifestProperty>
        <ExportManifestProperty>
            <EntityAcl>
                <entriesInheriting>true</entriesInheriting>
                <owner>admin</owner>
                <ownerType>USER</ownerType>
            </EntityAcl>
        </ExportManifestProperty>
    </ExportManifestEntity>
    <ExportManifestEntity path="public/Alflytics/ETL/Data warehouse/Alfresco repository">
        <ExportManifestProperty>
            <EntityMetaData name="Alfresco repository" createdDate="2017-03-16T09:28:42.043+01:00" isFolder="true" path="public/Alflytics/ETL/Data warehouse/Alfresco repository" isHidden="false" locale="en_US" title="Alfresco repository"/>
        </ExportManifestProperty>
        <ExportManifestProperty>
            <EntityAcl>
                <entriesInheriting>true</entriesInheriting>
                <owner>admin</owner>
                <ownerType>USER</ownerType>
            </EntityAcl>
        </ExportManifestProperty>
    </ExportManifestEntity>
    <ExportManifestEntity path="public/Alflytics/ETL/Data warehouse/Alfresco repository/Get Alfresco categories in warehouse.kjb">
        <ExportManifestProperty>
            <EntityMetaData name="Get Alfresco categories in warehouse.kjb" createdDate="2017-03-16T09:29:29.571+01:00" isFolder="false" path="public/Alflytics/ETL/Data warehouse/Alfresco repository/Get Alfresco categories in warehouse.kjb" isHidden="true" locale="en_US" title="Get Alfresco categories in warehouse"/>
        </ExportManifestProperty>
        <ExportManifestProperty>
            <EntityAcl>
                <entriesInheriting>true</entriesInheriting>
                <owner>admin</owner>
                <ownerType>USER</ownerType>
            </EntityAcl>
        </ExportManifestProperty>
    </ExportManifestEntity>
    <ExportManifestEntity path="public/Alflytics/ETL/Data warehouse/Alfresco repository/Get Alfresco contents in warehouse.kjb">
        <ExportManifestProperty>
            <EntityMetaData name="Get Alfresco contents in warehouse.kjb" createdDate="2017-03-16T09:28:43.358+01:00" isFolder="false" path="public/Alflytics/ETL/Data warehouse/Alfresco repository/Get Alfresco contents in warehouse.kjb" isHidden="true" locale="en_US" title="Get Alfresco contents in warehouse"/>
        </ExportManifestProperty>
        <ExportManifestProperty>
            <EntityAcl>
                <entriesInheriting>true</entriesInheriting>
                <owner>admin</owner>
                <ownerType>USER</ownerType>
            </EntityAcl>
        </ExportManifestProperty>
    </ExportManifestEntity>
    <ExportManifestEntity path="public/Alflytics/ETL/Data warehouse/Alfresco repository/Get Alfresco folders in warehouse.kjb">
        <ExportManifestProperty>
            <EntityMetaData name="Get Alfresco folders in warehouse.kjb" createdDate="2017-03-16T09:28:48.172+01:00" isFolder="false" path="public/Alflytics/ETL/Data warehouse/Alfresco repository/Get Alfresco folders in warehouse.kjb" isHidden="true" locale="en_US" title="Get Alfresco folders in warehouse"/>
        </ExportManifestProperty>
        <ExportManifestProperty>
            <EntityAcl>
                <entriesInheriting>true</entriesInheriting>
                <owner>admin</owner>
                <ownerType>USER</ownerType>
            </EntityAcl>
        </ExportManifestProperty>
    </ExportManifestEntity>
    <ExportManifestEntity path="public/Alflytics/ETL/Data warehouse/Alfresco repository/Get Alfresco mime types in warehouse.kjb">
        <ExportManifestProperty>
            <EntityMetaData name="Get Alfresco mime types in warehouse.kjb" createdDate="2017-03-16T09:28:52.691+01:00" isFolder="false" path="public/Alflytics/ETL/Data warehouse/Alfresco repository/Get Alfresco mime types in warehouse.kjb" isHidden="true" locale="en_US" title="Get Alfresco mime types in warehouse"/>
        </ExportManifestProperty>
        <ExportManifestProperty>
            <EntityAcl>
                <entriesInheriting>true</entriesInheriting>
                <owner>admin</owner>
                <ownerType>USER</ownerType>
            </EntityAcl>
        </ExportManifestProperty>
    </ExportManifestEntity>
    <ExportManifestEntity path="public/Alflytics/ETL/Data warehouse/Alfresco repository/Get Alfresco node types in warehouse.kjb">
        <ExportManifestProperty>
            <EntityMetaData name="Get Alfresco node types in warehouse.kjb" createdDate="2017-03-16T09:29:27.760+01:00" isFolder="false" path="public/Alflytics/ETL/Data warehouse/Alfresco repository/Get Alfresco node types in warehouse.kjb" isHidden="true" locale="en_US" title="Get Alfresco node types in warehouse"/>
        </ExportManifestProperty>
        <ExportManifestProperty>
            <EntityAcl>
                <entriesInheriting>true</entriesInheriting>
                <owner>admin</owner>
                <ownerType>USER</ownerType>
            </EntityAcl>
        </ExportManifestProperty>
    </ExportManifestEntity>
    <ExportManifestEntity path="public/Alflytics/ETL/Data warehouse/Alfresco repository/Get Alfresco nodes from operational in warehouse.ktr">
        <ExportManifestProperty>
            <EntityMetaData name="Get Alfresco nodes from operational in warehouse.ktr" createdDate="2017-03-16T09:28:56.396+01:00" isFolder="false" path="public/Alflytics/ETL/Data warehouse/Alfresco repository/Get Alfresco nodes from operational in warehouse.ktr" isHidden="true" locale="en_US" title="Get Alfresco nodes from operational in warehouse"/>
        </ExportManifestProperty>
        <ExportManifestProperty>
            <EntityAcl>
                <entriesInheriting>true</entriesInheriting>
                <owner>admin</owner>
                <ownerType>USER</ownerType>
            </EntityAcl>
        </ExportManifestProperty>
    </ExportManifestEntity>
    <ExportManifestEntity path="public/Alflytics/ETL/Data warehouse/Alfresco repository/Get Alfresco repository in warehouse.kjb">
        <ExportManifestProperty>
            <EntityMetaData name="Get Alfresco repository in warehouse.kjb" createdDate="2017-03-16T09:29:34.039+01:00" isFolder="false" path="public/Alflytics/ETL/Data warehouse/Alfresco repository/Get Alfresco repository in warehouse.kjb" isHidden="true" locale="en_US" title="Get Alfresco repository in warehouse"/>
        </ExportManifestProperty>
        <ExportManifestProperty>
            <EntityAcl>
                <entriesInheriting>true</entriesInheriting>
                <owner>admin</owner>
                <ownerType>USER</ownerType>
            </EntityAcl>
        </ExportManifestProperty>
    </ExportManifestEntity>
    <ExportManifestEntity path="public/Alflytics/ETL/Data warehouse/Alfresco users">
        <ExportManifestProperty>
            <EntityMetaData name="Alfresco users" createdDate="2017-03-16T09:29:36.764+01:00" isFolder="true" path="public/Alflytics/ETL/Data warehouse/Alfresco users" isHidden="false" locale="en_US" title="Alfresco users"/>
        </ExportManifestProperty>
        <ExportManifestProperty>
            <EntityAcl>
                <entriesInheriting>true</entriesInheriting>
                <owner>admin</owner>
                <ownerType>USER</ownerType>
            </EntityAcl>
        </ExportManifestProperty>
    </ExportManifestEntity>
    <ExportManifestEntity path="public/Alflytics/ETL/Data warehouse/Alfresco users/Get Alfresco users in warehouse.kjb">
        <ExportManifestProperty>
            <EntityMetaData name="Get Alfresco users in warehouse.kjb" createdDate="2017-03-16T09:29:37.293+01:00" isFolder="false" path="public/Alflytics/ETL/Data warehouse/Alfresco users/Get Alfresco users in warehouse.kjb" isHidden="true" locale="en_US" title="Get Alfresco users in warehouse"/>
        </ExportManifestProperty>
        <ExportManifestProperty>
            <EntityAcl>
                <entriesInheriting>true</entriesInheriting>
                <owner>admin</owner>
                <ownerType>USER</ownerType>
            </EntityAcl>
        </ExportManifestProperty>
    </ExportManifestEntity>
    <ExportManifestEntity path="public/Alflytics/ETL/Data warehouse/Util">
        <ExportManifestProperty>
            <EntityMetaData name="Util" createdDate="2017-03-16T09:28:19.030+01:00" isFolder="true" path="public/Alflytics/ETL/Data warehouse/Util" isHidden="false" locale="en_US" title="Util"/>
        </ExportManifestProperty>
        <ExportManifestProperty>
            <EntityAcl>
                <entriesInheriting>true</entriesInheriting>
                <owner>admin</owner>
                <ownerType>USER</ownerType>
            </EntityAcl>
        </ExportManifestProperty>
    </ExportManifestEntity>
    <ExportManifestEntity path="public/Alflytics/ETL/Data warehouse/Util/Generate dates in warehouse.kjb">
        <ExportManifestProperty>
            <EntityMetaData name="Generate dates in warehouse.kjb" createdDate="2017-03-16T09:28:33.202+01:00" isFolder="false" path="public/Alflytics/ETL/Data warehouse/Util/Generate dates in warehouse.kjb" isHidden="true" locale="en_US" title="Generate dates in warehouse"/>
        </ExportManifestProperty>
        <ExportManifestProperty>
            <EntityAcl>
                <entriesInheriting>true</entriesInheriting>
                <owner>admin</owner>
                <ownerType>USER</ownerType>
            </EntityAcl>
        </ExportManifestProperty>
    </ExportManifestEntity>
    <ExportManifestEntity path="public/Alflytics/ETL/Data warehouse/Util/Generate dates in warehouse.ktr">
        <ExportManifestProperty>
            <EntityMetaData name="Generate dates in warehouse.ktr" createdDate="2017-03-16T09:28:29.274+01:00" isFolder="false" path="public/Alflytics/ETL/Data warehouse/Util/Generate dates in warehouse.ktr" isHidden="true" locale="en_US" title="Generate dates in warehouse"/>
        </ExportManifestProperty>
        <ExportManifestProperty>
            <EntityAcl>
                <entriesInheriting>true</entriesInheriting>
                <owner>admin</owner>
                <ownerType>USER</ownerType>
            </EntityAcl>
        </ExportManifestProperty>
    </ExportManifestEntity>
    <ExportManifestEntity path="public/Alflytics/ETL/Data warehouse/Util/Generate hours in warehouse.ktr">
        <ExportManifestProperty>
            <EntityMetaData name="Generate hours in warehouse.ktr" createdDate="2017-03-16T09:28:26.636+01:00" isFolder="false" path="public/Alflytics/ETL/Data warehouse/Util/Generate hours in warehouse.ktr" isHidden="true" locale="en_US" title="Generate hours in warehouse"/>
        </ExportManifestProperty>
        <ExportManifestProperty>
            <EntityAcl>
                <entriesInheriting>true</entriesInheriting>
                <owner>admin</owner>
                <ownerType>USER</ownerType>
            </EntityAcl>
        </ExportManifestProperty>
    </ExportManifestEntity>
    <ExportManifestEntity path="public/Alflytics/ETL/Data warehouse/Util/Generate minutes in warehouse.ktr">
        <ExportManifestProperty>
            <EntityMetaData name="Generate minutes in warehouse.ktr" createdDate="2017-03-16T09:28:19.807+01:00" isFolder="false" path="public/Alflytics/ETL/Data warehouse/Util/Generate minutes in warehouse.ktr" isHidden="true" locale="en_US" title="Generate minutes in warehouse"/>
        </ExportManifestProperty>
        <ExportManifestProperty>
            <EntityAcl>
                <entriesInheriting>true</entriesInheriting>
                <owner>admin</owner>
                <ownerType>USER</ownerType>
            </EntityAcl>
        </ExportManifestProperty>
    </ExportManifestEntity>
    <ExportManifestEntity path="public/Alflytics/ETL/Data warehouse/Util/Generate months in warehouse.ktr">
        <ExportManifestProperty>
            <EntityMetaData name="Generate months in warehouse.ktr" createdDate="2017-03-16T09:28:24.651+01:00" isFolder="false" path="public/Alflytics/ETL/Data warehouse/Util/Generate months in warehouse.ktr" isHidden="true" locale="en_US" title="Generate months in warehouse"/>
        </ExportManifestProperty>
        <ExportManifestProperty>
            <EntityAcl>
                <entriesInheriting>true</entriesInheriting>
                <owner>admin</owner>
                <ownerType>USER</ownerType>
            </EntityAcl>
        </ExportManifestProperty>
    </ExportManifestEntity>
    <ExportManifestEntity path="public/Alflytics/ETL/Data warehouse/Util/Generate time in warehouse.kjb">
        <ExportManifestProperty>
            <EntityMetaData name="Generate time in warehouse.kjb" createdDate="2017-03-16T09:28:37.980+01:00" isFolder="false" path="public/Alflytics/ETL/Data warehouse/Util/Generate time in warehouse.kjb" isHidden="true" locale="en_US" title="Generate time in warehouse"/>
        </ExportManifestProperty>
        <ExportManifestProperty>
            <EntityAcl>
                <entriesInheriting>true</entriesInheriting>
                <owner>admin</owner>
                <ownerType>USER</ownerType>
            </EntityAcl>
        </ExportManifestProperty>
    </ExportManifestEntity>
    <ExportManifestEntity path="public/Alflytics/ETL/Data warehouse/Util/Generate years in warehouse.ktr">
        <ExportManifestProperty>
            <EntityMetaData name="Generate years in warehouse.ktr" createdDate="2017-03-16T09:28:22.205+01:00" isFolder="false" path="public/Alflytics/ETL/Data warehouse/Util/Generate years in warehouse.ktr" isHidden="true" locale="en_US" title="Generate years in warehouse"/>
        </ExportManifestProperty>
        <ExportManifestProperty>
            <EntityAcl>
                <entriesInheriting>true</entriesInheriting>
                <owner>admin</owner>
                <ownerType>USER</ownerType>
            </EntityAcl>
        </ExportManifestProperty>
    </ExportManifestEntity>
    <ExportManifestEntity path="public/Alflytics/ETL/Get all.kjb">
        <ExportManifestProperty>
            <EntityMetaData name="Get all.kjb" createdDate="2017-03-16T09:28:12.983+01:00" isFolder="false" path="public/Alflytics/ETL/Get all.kjb" isHidden="true" locale="en_US" title="Get all"/>
        </ExportManifestProperty>
        <ExportManifestProperty>
            <EntityAcl>
                <entriesInheriting>true</entriesInheriting>
                <owner>admin</owner>
                <ownerType>USER</ownerType>
            </EntityAcl>
        </ExportManifestProperty>
    </ExportManifestEntity>
    <ExportManifestEntity path="public/Alflytics/ETL/Init.kjb">
        <ExportManifestProperty>
            <EntityMetaData name="Init.kjb" createdDate="2017-03-16T09:28:16.773+01:00" isFolder="false" path="public/Alflytics/ETL/Init.kjb" isHidden="true" locale="en_US" title="Init"/>
        </ExportManifestProperty>
        <ExportManifestProperty>
            <EntityAcl>
                <entriesInheriting>true</entriesInheriting>
                <owner>admin</owner>
                <ownerType>USER</ownerType>
            </EntityAcl>
        </ExportManifestProperty>
    </ExportManifestEntity>
    <ExportManifestEntity path="public/Alflytics/ETL/Operational">
        <ExportManifestProperty>
            <EntityMetaData name="Operational" createdDate="2017-03-16T09:27:35.978+01:00" isFolder="true" path="public/Alflytics/ETL/Operational" isHidden="false" locale="en_US" title="Operational"/>
        </ExportManifestProperty>
        <ExportManifestProperty>
            <EntityAcl>
                <entriesInheriting>true</entriesInheriting>
                <owner>admin</owner>
                <ownerType>USER</ownerType>
            </EntityAcl>
        </ExportManifestProperty>
    </ExportManifestEntity>
    <ExportManifestEntity path="public/Alflytics/ETL/Operational/Alfresco audit trail">
        <ExportManifestProperty>
            <EntityMetaData name="Alfresco audit trail" createdDate="2017-03-16T09:27:51.786+01:00" isFolder="true" path="public/Alflytics/ETL/Operational/Alfresco audit trail" isHidden="false" locale="en_US" title="Alfresco audit trail"/>
        </ExportManifestProperty>
        <ExportManifestProperty>
            <EntityAcl>
                <entriesInheriting>true</entriesInheriting>
                <owner>admin</owner>
                <ownerType>USER</ownerType>
            </EntityAcl>
        </ExportManifestProperty>
    </ExportManifestEntity>
    <ExportManifestEntity path="public/Alflytics/ETL/Operational/Alfresco audit trail/Delete Alfresco audit trail in operational.ktr">
        <ExportManifestProperty>
            <EntityMetaData name="Delete Alfresco audit trail in operational.ktr" createdDate="2017-03-16T09:27:56.865+01:00" isFolder="false" path="public/Alflytics/ETL/Operational/Alfresco audit trail/Delete Alfresco audit trail in operational.ktr" isHidden="true" locale="en_US" title="Delete Alfresco audit trail in operational"/>
        </ExportManifestProperty>
        <ExportManifestProperty>
            <EntityAcl>
                <entriesInheriting>true</entriesInheriting>
                <owner>admin</owner>
                <ownerType>USER</ownerType>
            </EntityAcl>
        </ExportManifestProperty>
    </ExportManifestEntity>
    <ExportManifestEntity path="public/Alflytics/ETL/Operational/Alfresco audit trail/Get Alfresco audit trail from staging in operational.ktr">
        <ExportManifestProperty>
            <EntityMetaData name="Get Alfresco audit trail from staging in operational.ktr" createdDate="2017-03-16T09:27:59.339+01:00" isFolder="false" path="public/Alflytics/ETL/Operational/Alfresco audit trail/Get Alfresco audit trail from staging in operational.ktr" isHidden="true" locale="en_US" title="Get Alfresco audit trail from staging in operational"/>
        </ExportManifestProperty>
        <ExportManifestProperty>
            <EntityAcl>
                <entriesInheriting>true</entriesInheriting>
                <owner>admin</owner>
                <ownerType>USER</ownerType>
            </EntityAcl>
        </ExportManifestProperty>
    </ExportManifestEntity>
    <ExportManifestEntity path="public/Alflytics/ETL/Operational/Alfresco audit trail/Get Alfresco audit trail in operational.kjb">
        <ExportManifestProperty>
            <EntityMetaData name="Get Alfresco audit trail in operational.kjb" createdDate="2017-03-16T09:27:52.520+01:00" isFolder="false" path="public/Alflytics/ETL/Operational/Alfresco audit trail/Get Alfresco audit trail in operational.kjb" isHidden="true" locale="en_US" title="Get Alfresco audit trail in operational"/>
        </ExportManifestProperty>
        <ExportManifestProperty>
            <EntityAcl>
                <entriesInheriting>true</entriesInheriting>
                <owner>admin</owner>
                <ownerType>USER</ownerType>
            </EntityAcl>
        </ExportManifestProperty>
    </ExportManifestEntity>
    <ExportManifestEntity path="public/Alflytics/ETL/Operational/Alfresco processes">
        <ExportManifestProperty>
            <EntityMetaData name="Alfresco processes" createdDate="2017-03-16T09:28:01.867+01:00" isFolder="true" path="public/Alflytics/ETL/Operational/Alfresco processes" isHidden="false" locale="en_US" title="Alfresco processes"/>
        </ExportManifestProperty>
        <ExportManifestProperty>
            <EntityAcl>
                <entriesInheriting>true</entriesInheriting>
                <owner>admin</owner>
                <ownerType>USER</ownerType>
            </EntityAcl>
        </ExportManifestProperty>
    </ExportManifestEntity>
    <ExportManifestEntity path="public/Alflytics/ETL/Operational/Alfresco processes/Get Alfresco processes from staging in operational.ktr">
        <ExportManifestProperty>
            <EntityMetaData name="Get Alfresco processes from staging in operational.ktr" createdDate="2017-03-16T09:28:08.642+01:00" isFolder="false" path="public/Alflytics/ETL/Operational/Alfresco processes/Get Alfresco processes from staging in operational.ktr" isHidden="true" locale="en_US" title="Get Alfresco processes from staging in operational"/>
        </ExportManifestProperty>
        <ExportManifestProperty>
            <EntityAcl>
                <entriesInheriting>true</entriesInheriting>
                <owner>admin</owner>
                <ownerType>USER</ownerType>
            </EntityAcl>
        </ExportManifestProperty>
    </ExportManifestEntity>
    <ExportManifestEntity path="public/Alflytics/ETL/Operational/Alfresco processes/Get Alfresco processes in operational.kjb">
        <ExportManifestProperty>
            <EntityMetaData name="Get Alfresco processes in operational.kjb" createdDate="2017-03-16T09:28:02.272+01:00" isFolder="false" path="public/Alflytics/ETL/Operational/Alfresco processes/Get Alfresco processes in operational.kjb" isHidden="true" locale="en_US" title="Get Alfresco processes in operational"/>
        </ExportManifestProperty>
        <ExportManifestProperty>
            <EntityAcl>
                <entriesInheriting>true</entriesInheriting>
                <owner>admin</owner>
                <ownerType>USER</ownerType>
            </EntityAcl>
        </ExportManifestProperty>
    </ExportManifestEntity>
    <ExportManifestEntity path="public/Alflytics/ETL/Operational/Alfresco repository">
        <ExportManifestProperty>
            <EntityMetaData name="Alfresco repository" createdDate="2017-03-16T09:27:36.251+01:00" isFolder="true" path="public/Alflytics/ETL/Operational/Alfresco repository" isHidden="false" locale="en_US" title="Alfresco repository"/>
        </ExportManifestProperty>
        <ExportManifestProperty>
            <EntityAcl>
                <entriesInheriting>true</entriesInheriting>
                <owner>admin</owner>
                <ownerType>USER</ownerType>
            </EntityAcl>
        </ExportManifestProperty>
    </ExportManifestEntity>
    <ExportManifestEntity path="public/Alflytics/ETL/Operational/Alfresco repository/Delete Alfresco repository in operational.ktr">
        <ExportManifestProperty>
            <EntityMetaData name="Delete Alfresco repository in operational.ktr" createdDate="2017-03-16T09:27:40.647+01:00" isFolder="false" path="public/Alflytics/ETL/Operational/Alfresco repository/Delete Alfresco repository in operational.ktr" isHidden="true" locale="en_US" title="Delete Alfresco repository in operational"/>
        </ExportManifestProperty>
        <ExportManifestProperty>
            <EntityAcl>
                <entriesInheriting>true</entriesInheriting>
                <owner>admin</owner>
                <ownerType>USER</ownerType>
            </EntityAcl>
        </ExportManifestProperty>
    </ExportManifestEntity>
    <ExportManifestEntity path="public/Alflytics/ETL/Operational/Alfresco repository/Get Alfresco nodes from staging in operational.ktr">
        <ExportManifestProperty>
            <EntityMetaData name="Get Alfresco nodes from staging in operational.ktr" createdDate="2017-03-16T09:27:44.078+01:00" isFolder="false" path="public/Alflytics/ETL/Operational/Alfresco repository/Get Alfresco nodes from staging in operational.ktr" isHidden="true" locale="en_US" title="Get Alfresco nodes from staging in operational"/>
        </ExportManifestProperty>
        <ExportManifestProperty>
            <EntityAcl>
                <entriesInheriting>true</entriesInheriting>
                <owner>admin</owner>
                <ownerType>USER</ownerType>
            </EntityAcl>
        </ExportManifestProperty>
    </ExportManifestEntity>
    <ExportManifestEntity path="public/Alflytics/ETL/Operational/Alfresco repository/Get Alfresco repository in operational.kjb">
        <ExportManifestProperty>
            <EntityMetaData name="Get Alfresco repository in operational.kjb" createdDate="2017-03-16T09:27:36.667+01:00" isFolder="false" path="public/Alflytics/ETL/Operational/Alfresco repository/Get Alfresco repository in operational.kjb" isHidden="true" locale="en_US" title="Get Alfresco repository in operational"/>
        </ExportManifestProperty>
        <ExportManifestProperty>
            <EntityAcl>
                <entriesInheriting>true</entriesInheriting>
                <owner>admin</owner>
                <ownerType>USER</ownerType>
            </EntityAcl>
        </ExportManifestProperty>
    </ExportManifestEntity>
    <ExportManifestEntity path="public/Alflytics/ETL/Operational/Alfresco users">
        <ExportManifestProperty>
            <EntityMetaData name="Alfresco users" createdDate="2017-03-16T09:27:46.423+01:00" isFolder="true" path="public/Alflytics/ETL/Operational/Alfresco users" isHidden="false" locale="en_US" title="Alfresco users"/>
        </ExportManifestProperty>
        <ExportManifestProperty>
            <EntityAcl>
                <entriesInheriting>true</entriesInheriting>
                <owner>admin</owner>
                <ownerType>USER</ownerType>
            </EntityAcl>
        </ExportManifestProperty>
    </ExportManifestEntity>
    <ExportManifestEntity path="public/Alflytics/ETL/Operational/Alfresco users/Get Alfresco users from staging in operational.ktr">
        <ExportManifestProperty>
            <EntityMetaData name="Get Alfresco users from staging in operational.ktr" createdDate="2017-03-16T09:27:47.240+01:00" isFolder="false" path="public/Alflytics/ETL/Operational/Alfresco users/Get Alfresco users from staging in operational.ktr" isHidden="true" locale="en_US" title="Get Alfresco users from staging in operational"/>
        </ExportManifestProperty>
        <ExportManifestProperty>
            <EntityAcl>
                <entriesInheriting>true</entriesInheriting>
                <owner>admin</owner>
                <ownerType>USER</ownerType>
            </EntityAcl>
        </ExportManifestProperty>
    </ExportManifestEntity>
    <ExportManifestEntity path="public/Alflytics/ETL/Operational/Alfresco users/Get Alfresco users in operational.kjb">
        <ExportManifestProperty>
            <EntityMetaData name="Get Alfresco users in operational.kjb" createdDate="2017-03-16T09:27:49.732+01:00" isFolder="false" path="public/Alflytics/ETL/Operational/Alfresco users/Get Alfresco users in operational.kjb" isHidden="true" locale="en_US" title="Get Alfresco users in operational"/>
        </ExportManifestProperty>
        <ExportManifestProperty>
            <EntityAcl>
                <entriesInheriting>true</entriesInheriting>
                <owner>admin</owner>
                <ownerType>USER</ownerType>
            </EntityAcl>
        </ExportManifestProperty>
    </ExportManifestEntity>
    <ExportManifestEntity path="public/Alflytics/ETL/Staging">
        <ExportManifestProperty>
            <EntityMetaData name="Staging" createdDate="2017-03-16T08:55:43.742+01:00" isFolder="true" path="public/Alflytics/ETL/Staging" isHidden="false" locale="en_US" title="Staging"/>
        </ExportManifestProperty>
        <ExportManifestProperty>
            <EntityAcl>
                <entriesInheriting>true</entriesInheriting>
                <owner>admin</owner>
                <ownerType>USER</ownerType>
            </EntityAcl>
        </ExportManifestProperty>
    </ExportManifestEntity>
    <ExportManifestEntity path="public/Alflytics/ETL/Staging/Alfresco audit trail">
        <ExportManifestProperty>
            <EntityMetaData name="Alfresco audit trail" createdDate="2017-03-16T08:56:30.931+01:00" isFolder="true" path="public/Alflytics/ETL/Staging/Alfresco audit trail" isHidden="false" locale="en_US" title="Alfresco audit trail"/>
        </ExportManifestProperty>
        <ExportManifestProperty>
            <EntityAcl>
                <entriesInheriting>true</entriesInheriting>
                <owner>admin</owner>
                <ownerType>USER</ownerType>
            </EntityAcl>
        </ExportManifestProperty>
    </ExportManifestEntity>
    <ExportManifestEntity path="public/Alflytics/ETL/Staging/Alfresco audit trail/Get Alfresco audit app from Alfresco in tmp.kjb">
        <ExportManifestProperty>
            <EntityMetaData name="Get Alfresco audit app from Alfresco in tmp.kjb" createdDate="2017-03-16T08:56:39.830+01:00" isFolder="false" path="public/Alflytics/ETL/Staging/Alfresco audit trail/Get Alfresco audit app from Alfresco in tmp.kjb" isHidden="true" locale="en_US" title="Get Alfresco audit app from Alfresco in tmp"/>
        </ExportManifestProperty>
        <ExportManifestProperty>
            <EntityAcl>
                <entriesInheriting>true</entriesInheriting>
                <owner>admin</owner>
                <ownerType>USER</ownerType>
            </EntityAcl>
        </ExportManifestProperty>
    </ExportManifestEntity>
    <ExportManifestEntity path="public/Alflytics/ETL/Staging/Alfresco audit trail/Get Alfresco audit app from tmp in staging.kjb">
        <ExportManifestProperty>
            <EntityMetaData name="Get Alfresco audit app from tmp in staging.kjb" createdDate="2017-03-16T08:56:38.217+01:00" isFolder="false" path="public/Alflytics/ETL/Staging/Alfresco audit trail/Get Alfresco audit app from tmp in staging.kjb" isHidden="true" locale="en_US" title="Get Alfresco audit app from tmp in staging"/>
        </ExportManifestProperty>
        <ExportManifestProperty>
            <EntityAcl>
                <entriesInheriting>true</entriesInheriting>
                <owner>admin</owner>
                <ownerType>USER</ownerType>
            </EntityAcl>
        </ExportManifestProperty>
    </ExportManifestEntity>
    <ExportManifestEntity path="public/Alflytics/ETL/Staging/Alfresco audit trail/Get Alfresco audit trail from Alfresco in tmp.kjb">
        <ExportManifestProperty>
            <EntityMetaData name="Get Alfresco audit trail from Alfresco in tmp.kjb" createdDate="2017-03-16T08:56:36.288+01:00" isFolder="false" path="public/Alflytics/ETL/Staging/Alfresco audit trail/Get Alfresco audit trail from Alfresco in tmp.kjb" isHidden="true" locale="en_US" title="Get Alfresco audit trail from Alfresco in tmp"/>
        </ExportManifestProperty>
        <ExportManifestProperty>
            <EntityAcl>
                <entriesInheriting>true</entriesInheriting>
                <owner>admin</owner>
                <ownerType>USER</ownerType>
            </EntityAcl>
        </ExportManifestProperty>
    </ExportManifestEntity>
    <ExportManifestEntity path="public/Alflytics/ETL/Staging/Alfresco audit trail/Get Alfresco audit trail from tmp in staging.kjb">
        <ExportManifestProperty>
            <EntityMetaData name="Get Alfresco audit trail from tmp in staging.kjb" createdDate="2017-03-16T08:56:31.382+01:00" isFolder="false" path="public/Alflytics/ETL/Staging/Alfresco audit trail/Get Alfresco audit trail from tmp in staging.kjb" isHidden="true" locale="en_US" title="Get Alfresco audit trail from tmp in staging"/>
        </ExportManifestProperty>
        <ExportManifestProperty>
            <EntityAcl>
                <entriesInheriting>true</entriesInheriting>
                <owner>admin</owner>
                <ownerType>USER</ownerType>
            </EntityAcl>
        </ExportManifestProperty>
    </ExportManifestEntity>
    <ExportManifestEntity path="public/Alflytics/ETL/Staging/Alfresco audit trail/Get Alfresco audit trail in staging.kjb">
        <ExportManifestProperty>
            <EntityMetaData name="Get Alfresco audit trail in staging.kjb" createdDate="2017-03-16T08:56:48.871+01:00" isFolder="false" path="public/Alflytics/ETL/Staging/Alfresco audit trail/Get Alfresco audit trail in staging.kjb" isHidden="true" locale="en_US" title="Get Alfresco audit trail in staging"/>
        </ExportManifestProperty>
        <ExportManifestProperty>
            <EntityAcl>
                <entriesInheriting>true</entriesInheriting>
                <owner>admin</owner>
                <ownerType>USER</ownerType>
            </EntityAcl>
        </ExportManifestProperty>
    </ExportManifestEntity>
    <ExportManifestEntity path="public/Alflytics/ETL/Staging/Alfresco audit trail/Get REST in json for audit trail.kjb">
        <ExportManifestProperty>
            <EntityMetaData name="Get REST in json for audit trail.kjb" createdDate="2017-03-16T08:56:51.673+01:00" isFolder="false" path="public/Alflytics/ETL/Staging/Alfresco audit trail/Get REST in json for audit trail.kjb" isHidden="true" locale="en_US" title="Get REST in json for audit trail"/>
        </ExportManifestProperty>
        <ExportManifestProperty>
            <EntityAcl>
                <entriesInheriting>true</entriesInheriting>
                <owner>admin</owner>
                <ownerType>USER</ownerType>
            </EntityAcl>
        </ExportManifestProperty>
    </ExportManifestEntity>
    <ExportManifestEntity path="public/Alflytics/ETL/Staging/Alfresco audit trail/Get REST in json for audit trail.ktr">
        <ExportManifestProperty>
            <EntityMetaData name="Get REST in json for audit trail.ktr" createdDate="2017-03-16T08:56:45.429+01:00" isFolder="false" path="public/Alflytics/ETL/Staging/Alfresco audit trail/Get REST in json for audit trail.ktr" isHidden="true" locale="en_US" title="Get REST in json for audit trail"/>
        </ExportManifestProperty>
        <ExportManifestProperty>
            <EntityAcl>
                <entriesInheriting>true</entriesInheriting>
                <owner>admin</owner>
                <ownerType>USER</ownerType>
            </EntityAcl>
        </ExportManifestProperty>
    </ExportManifestEntity>
    <ExportManifestEntity path="public/Alflytics/ETL/Staging/Alfresco audit trail/Get audit apps stream.ktr">
        <ExportManifestProperty>
            <EntityMetaData name="Get audit apps stream.ktr" createdDate="2017-03-16T08:56:33.797+01:00" isFolder="false" path="public/Alflytics/ETL/Staging/Alfresco audit trail/Get audit apps stream.ktr" isHidden="true" locale="en_US" title="Get audit apps stream"/>
        </ExportManifestProperty>
        <ExportManifestProperty>
            <EntityAcl>
                <entriesInheriting>true</entriesInheriting>
                <owner>admin</owner>
                <ownerType>USER</ownerType>
            </EntityAcl>
        </ExportManifestProperty>
    </ExportManifestEntity>
    <ExportManifestEntity path="public/Alflytics/ETL/Staging/Alfresco audit trail/Get json in table for audits.ktr">
        <ExportManifestProperty>
            <EntityMetaData name="Get json in table for audits.ktr" createdDate="2017-03-16T08:56:42.511+01:00" isFolder="false" path="public/Alflytics/ETL/Staging/Alfresco audit trail/Get json in table for audits.ktr" isHidden="true" locale="en_US" title="Get json in table for audits"/>
        </ExportManifestProperty>
        <ExportManifestProperty>
            <EntityAcl>
                <entriesInheriting>true</entriesInheriting>
                <owner>admin</owner>
                <ownerType>USER</ownerType>
            </EntityAcl>
        </ExportManifestProperty>
    </ExportManifestEntity>
    <ExportManifestEntity path="public/Alflytics/ETL/Staging/Alfresco processes">
        <ExportManifestProperty>
            <EntityMetaData name="Alfresco processes" createdDate="2017-03-16T08:56:54.558+01:00" isFolder="true" path="public/Alflytics/ETL/Staging/Alfresco processes" isHidden="false" locale="en_US" title="Alfresco processes"/>
        </ExportManifestProperty>
        <ExportManifestProperty>
            <EntityAcl>
                <entriesInheriting>true</entriesInheriting>
                <owner>admin</owner>
                <ownerType>USER</ownerType>
            </EntityAcl>
        </ExportManifestProperty>
    </ExportManifestEntity>
    <ExportManifestEntity path="public/Alflytics/ETL/Staging/Alfresco processes/Get Alfresco items from Alfresco in tmp.kjb">
        <ExportManifestProperty>
            <EntityMetaData name="Get Alfresco items from Alfresco in tmp.kjb" createdDate="2017-03-16T08:57:10.538+01:00" isFolder="false" path="public/Alflytics/ETL/Staging/Alfresco processes/Get Alfresco items from Alfresco in tmp.kjb" isHidden="true" locale="en_US" title="Get Alfresco items from Alfresco in tmp"/>
        </ExportManifestProperty>
        <ExportManifestProperty>
            <EntityAcl>
                <entriesInheriting>true</entriesInheriting>
                <owner>admin</owner>
                <ownerType>USER</ownerType>
            </EntityAcl>
        </ExportManifestProperty>
    </ExportManifestEntity>
    <ExportManifestEntity path="public/Alflytics/ETL/Staging/Alfresco processes/Get Alfresco items from tmp in staging.kjb">
        <ExportManifestProperty>
            <EntityMetaData name="Get Alfresco items from tmp in staging.kjb" createdDate="2017-03-16T08:57:15.148+01:00" isFolder="false" path="public/Alflytics/ETL/Staging/Alfresco processes/Get Alfresco items from tmp in staging.kjb" isHidden="true" locale="en_US" title="Get Alfresco items from tmp in staging"/>
        </ExportManifestProperty>
        <ExportManifestProperty>
            <EntityAcl>
                <entriesInheriting>true</entriesInheriting>
                <owner>admin</owner>
                <ownerType>USER</ownerType>
            </EntityAcl>
        </ExportManifestProperty>
    </ExportManifestEntity>
    <ExportManifestEntity path="public/Alflytics/ETL/Staging/Alfresco processes/Get Alfresco processes from Alfresco in tmp.kjb">
        <ExportManifestProperty>
            <EntityMetaData name="Get Alfresco processes from Alfresco in tmp.kjb" createdDate="2017-03-16T08:57:18.079+01:00" isFolder="false" path="public/Alflytics/ETL/Staging/Alfresco processes/Get Alfresco processes from Alfresco in tmp.kjb" isHidden="true" locale="en_US" title="Get Alfresco processes from Alfresco in tmp"/>
        </ExportManifestProperty>
        <ExportManifestProperty>
            <EntityAcl>
                <entriesInheriting>true</entriesInheriting>
                <owner>admin</owner>
                <ownerType>USER</ownerType>
            </EntityAcl>
        </ExportManifestProperty>
    </ExportManifestEntity>
    <ExportManifestEntity path="public/Alflytics/ETL/Staging/Alfresco processes/Get Alfresco processes from tmp in staging.kjb">
        <ExportManifestProperty>
            <EntityMetaData name="Get Alfresco processes from tmp in staging.kjb" createdDate="2017-03-16T08:56:55.802+01:00" isFolder="false" path="public/Alflytics/ETL/Staging/Alfresco processes/Get Alfresco processes from tmp in staging.kjb" isHidden="true" locale="en_US" title="Get Alfresco processes from tmp in staging"/>
        </ExportManifestProperty>
        <ExportManifestProperty>
            <EntityAcl>
                <entriesInheriting>true</entriesInheriting>
                <owner>admin</owner>
                <ownerType>USER</ownerType>
            </EntityAcl>
        </ExportManifestProperty>
    </ExportManifestEntity>
    <ExportManifestEntity path="public/Alflytics/ETL/Staging/Alfresco processes/Get Alfresco processes in staging.kjb">
        <ExportManifestProperty>
            <EntityMetaData name="Get Alfresco processes in staging.kjb" createdDate="2017-03-16T08:57:02.696+01:00" isFolder="false" path="public/Alflytics/ETL/Staging/Alfresco processes/Get Alfresco processes in staging.kjb" isHidden="true" locale="en_US" title="Get Alfresco processes in staging"/>
        </ExportManifestProperty>
        <ExportManifestProperty>
            <EntityAcl>
                <entriesInheriting>true</entriesInheriting>
                <owner>admin</owner>
                <ownerType>USER</ownerType>
            </EntityAcl>
        </ExportManifestProperty>
    </ExportManifestEntity>
    <ExportManifestEntity path="public/Alflytics/ETL/Staging/Alfresco processes/Get instance ids.ktr">
        <ExportManifestProperty>
            <EntityMetaData name="Get instance ids.ktr" createdDate="2017-03-16T08:57:07.548+01:00" isFolder="false" path="public/Alflytics/ETL/Staging/Alfresco processes/Get instance ids.ktr" isHidden="true" locale="en_US" title="Get instance ids"/>
        </ExportManifestProperty>
        <ExportManifestProperty>
            <EntityAcl>
                <entriesInheriting>true</entriesInheriting>
                <owner>admin</owner>
                <ownerType>USER</ownerType>
            </EntityAcl>
        </ExportManifestProperty>
    </ExportManifestEntity>
    <ExportManifestEntity path="public/Alflytics/ETL/Staging/Alfresco repository">
        <ExportManifestProperty>
            <EntityMetaData name="Alfresco repository" createdDate="2017-03-16T08:56:00.009+01:00" isFolder="true" path="public/Alflytics/ETL/Staging/Alfresco repository" isHidden="false" locale="en_US" title="Alfresco repository"/>
        </ExportManifestProperty>
        <ExportManifestProperty>
            <EntityAcl>
                <entriesInheriting>true</entriesInheriting>
                <owner>admin</owner>
                <ownerType>USER</ownerType>
            </EntityAcl>
        </ExportManifestProperty>
    </ExportManifestEntity>
    <ExportManifestEntity path="public/Alflytics/ETL/Staging/Alfresco repository/Get Alfresco repository from Alfresco in tmp.kjb">
        <ExportManifestProperty>
            <EntityMetaData name="Get Alfresco repository from Alfresco in tmp.kjb" createdDate="2017-03-16T08:56:05.016+01:00" isFolder="false" path="public/Alflytics/ETL/Staging/Alfresco repository/Get Alfresco repository from Alfresco in tmp.kjb" isHidden="true" locale="en_US" title="Get Alfresco repository from Alfresco in tmp"/>
        </ExportManifestProperty>
        <ExportManifestProperty>
            <EntityAcl>
                <entriesInheriting>true</entriesInheriting>
                <owner>admin</owner>
                <ownerType>USER</ownerType>
            </EntityAcl>
        </ExportManifestProperty>
    </ExportManifestEntity>
    <ExportManifestEntity path="public/Alflytics/ETL/Staging/Alfresco repository/Get Alfresco repository from tmp in staging.kjb">
        <ExportManifestProperty>
            <EntityMetaData name="Get Alfresco repository from tmp in staging.kjb" createdDate="2017-03-16T08:56:19.262+01:00" isFolder="false" path="public/Alflytics/ETL/Staging/Alfresco repository/Get Alfresco repository from tmp in staging.kjb" isHidden="true" locale="en_US" title="Get Alfresco repository from tmp in staging"/>
        </ExportManifestProperty>
        <ExportManifestProperty>
            <EntityAcl>
                <entriesInheriting>true</entriesInheriting>
                <owner>admin</owner>
                <ownerType>USER</ownerType>
            </EntityAcl>
        </ExportManifestProperty>
    </ExportManifestEntity>
    <ExportManifestEntity path="public/Alflytics/ETL/Staging/Alfresco repository/Get Alfresco repository in staging.kjb">
        <ExportManifestProperty>
            <EntityMetaData name="Get Alfresco repository in staging.kjb" createdDate="2017-03-16T08:56:02.970+01:00" isFolder="false" path="public/Alflytics/ETL/Staging/Alfresco repository/Get Alfresco repository in staging.kjb" isHidden="true" locale="en_US" title="Get Alfresco repository in staging"/>
        </ExportManifestProperty>
        <ExportManifestProperty>
            <EntityAcl>
                <entriesInheriting>true</entriesInheriting>
                <owner>admin</owner>
                <ownerType>USER</ownerType>
            </EntityAcl>
        </ExportManifestProperty>
    </ExportManifestEntity>
    <ExportManifestEntity path="public/Alflytics/ETL/Staging/Alfresco users">
        <ExportManifestProperty>
            <EntityMetaData name="Alfresco users" createdDate="2017-03-16T08:56:23.170+01:00" isFolder="true" path="public/Alflytics/ETL/Staging/Alfresco users" isHidden="false" locale="en_US" title="Alfresco users"/>
        </ExportManifestProperty>
        <ExportManifestProperty>
            <EntityAcl>
                <entriesInheriting>true</entriesInheriting>
                <owner>admin</owner>
                <ownerType>USER</ownerType>
            </EntityAcl>
        </ExportManifestProperty>
    </ExportManifestEntity>
    <ExportManifestEntity path="public/Alflytics/ETL/Staging/Alfresco users/Get Alfresco users from Alfresco in tmp.kjb">
        <ExportManifestProperty>
            <EntityMetaData name="Get Alfresco users from Alfresco in tmp.kjb" createdDate="2017-03-16T08:56:29.007+01:00" isFolder="false" path="public/Alflytics/ETL/Staging/Alfresco users/Get Alfresco users from Alfresco in tmp.kjb" isHidden="true" locale="en_US" title="Get Alfresco users from Alfresco in tmp"/>
        </ExportManifestProperty>
        <ExportManifestProperty>
            <EntityAcl>
                <entriesInheriting>true</entriesInheriting>
                <owner>admin</owner>
                <ownerType>USER</ownerType>
            </EntityAcl>
        </ExportManifestProperty>
    </ExportManifestEntity>
    <ExportManifestEntity path="public/Alflytics/ETL/Staging/Alfresco users/Get Alfresco users from tmp in staging.kjb">
        <ExportManifestProperty>
            <EntityMetaData name="Get Alfresco users from tmp in staging.kjb" createdDate="2017-03-16T08:56:23.542+01:00" isFolder="false" path="public/Alflytics/ETL/Staging/Alfresco users/Get Alfresco users from tmp in staging.kjb" isHidden="true" locale="en_US" title="Get Alfresco users from tmp in staging"/>
        </ExportManifestProperty>
        <ExportManifestProperty>
            <EntityAcl>
                <entriesInheriting>true</entriesInheriting>
                <owner>admin</owner>
                <ownerType>USER</ownerType>
            </EntityAcl>
        </ExportManifestProperty>
    </ExportManifestEntity>
    <ExportManifestEntity path="public/Alflytics/ETL/Staging/Alfresco users/Get Alfresco users in staging.kjb">
        <ExportManifestProperty>
            <EntityMetaData name="Get Alfresco users in staging.kjb" createdDate="2017-03-16T08:56:27.030+01:00" isFolder="false" path="public/Alflytics/ETL/Staging/Alfresco users/Get Alfresco users in staging.kjb" isHidden="true" locale="en_US" title="Get Alfresco users in staging"/>
        </ExportManifestProperty>
        <ExportManifestProperty>
            <EntityAcl>
                <entriesInheriting>true</entriesInheriting>
                <owner>admin</owner>
                <ownerType>USER</ownerType>
            </EntityAcl>
        </ExportManifestProperty>
    </ExportManifestEntity>
    <ExportManifestEntity path="public/Alflytics/ETL/Staging/Util">
        <ExportManifestProperty>
            <EntityMetaData name="Util" createdDate="2017-03-16T08:55:43.949+01:00" isFolder="true" path="public/Alflytics/ETL/Staging/Util" isHidden="false" locale="en_US" title="Util"/>
        </ExportManifestProperty>
        <ExportManifestProperty>
            <EntityAcl>
                <entriesInheriting>true</entriesInheriting>
                <owner>admin</owner>
                <ownerType>USER</ownerType>
            </EntityAcl>
        </ExportManifestProperty>
    </ExportManifestEntity>
    <ExportManifestEntity path="public/Alflytics/ETL/Staging/Util/Get REST in json.kjb">
        <ExportManifestProperty>
            <EntityMetaData name="Get REST in json.kjb" createdDate="2017-03-16T08:55:54.065+01:00" isFolder="false" path="public/Alflytics/ETL/Staging/Util/Get REST in json.kjb" isHidden="true" locale="en_US" title="Get REST in json"/>
        </ExportManifestProperty>
        <ExportManifestProperty>
            <EntityAcl>
                <entriesInheriting>true</entriesInheriting>
                <owner>admin</owner>
                <ownerType>USER</ownerType>
            </EntityAcl>
        </ExportManifestProperty>
    </ExportManifestEntity>
    <ExportManifestEntity path="public/Alflytics/ETL/Staging/Util/Get REST in json.ktr">
        <ExportManifestProperty>
            <EntityMetaData name="Get REST in json.ktr" createdDate="2017-03-16T08:55:49.211+01:00" isFolder="false" path="public/Alflytics/ETL/Staging/Util/Get REST in json.ktr" isHidden="true" locale="en_US" title="Get REST in json"/>
        </ExportManifestProperty>
        <ExportManifestProperty>
            <EntityAcl>
                <entriesInheriting>true</entriesInheriting>
                <owner>admin</owner>
                <ownerType>USER</ownerType>
            </EntityAcl>
        </ExportManifestProperty>
    </ExportManifestEntity>
    <ExportManifestEntity path="public/Alflytics/ETL/Staging/Util/Get json in table.kjb">
        <ExportManifestProperty>
            <EntityMetaData name="Get json in table.kjb" createdDate="2017-03-16T08:55:59.069+01:00" isFolder="false" path="public/Alflytics/ETL/Staging/Util/Get json in table.kjb" isHidden="true" locale="en_US" title="Get json in table"/>
        </ExportManifestProperty>
        <ExportManifestProperty>
            <EntityAcl>
                <entriesInheriting>true</entriesInheriting>
                <owner>admin</owner>
                <ownerType>USER</ownerType>
            </EntityAcl>
        </ExportManifestProperty>
    </ExportManifestEntity>
    <ExportManifestEntity path="public/Alflytics/ETL/Staging/Util/Get json in table.ktr">
        <ExportManifestProperty>
            <EntityMetaData name="Get json in table.ktr" createdDate="2017-03-16T08:55:56.915+01:00" isFolder="false" path="public/Alflytics/ETL/Staging/Util/Get json in table.ktr" isHidden="true" locale="en_US" title="Get json in table"/>
        </ExportManifestProperty>
        <ExportManifestProperty>
            <EntityAcl>
                <entriesInheriting>true</entriesInheriting>
                <owner>admin</owner>
                <ownerType>USER</ownerType>
            </EntityAcl>
        </ExportManifestProperty>
    </ExportManifestEntity>
    <ExportManifestEntity path="public/Alflytics/ETL/Unit tests.kjb">
        <ExportManifestProperty>
            <EntityMetaData name="Unit tests.kjb" createdDate="2017-03-16T09:27:30.104+01:00" isFolder="false" path="public/Alflytics/ETL/Unit tests.kjb" isHidden="true" locale="en_US" title="Unit tests"/>
        </ExportManifestProperty>
        <ExportManifestProperty>
            <EntityAcl>
                <entriesInheriting>true</entriesInheriting>
                <owner>admin</owner>
                <ownerType>USER</ownerType>
            </EntityAcl>
        </ExportManifestProperty>
    </ExportManifestEntity>
    <ExportManifestEntity path="public/Alflytics/ETL/Util">
        <ExportManifestProperty>
            <EntityMetaData name="Util" createdDate="2017-03-16T08:57:24.524+01:00" isFolder="true" path="public/Alflytics/ETL/Util" isHidden="false" locale="en_US" title="Util"/>
        </ExportManifestProperty>
        <ExportManifestProperty>
            <EntityAcl>
                <entriesInheriting>true</entriesInheriting>
                <owner>admin</owner>
                <ownerType>USER</ownerType>
            </EntityAcl>
        </ExportManifestProperty>
    </ExportManifestEntity>
    <ExportManifestEntity path="public/Alflytics/ETL/Util/Check Alfresco REST API.kjb">
        <ExportManifestProperty>
            <EntityMetaData name="Check Alfresco REST API.kjb" createdDate="2017-03-16T09:27:08.138+01:00" isFolder="false" path="public/Alflytics/ETL/Util/Check Alfresco REST API.kjb" isHidden="true" locale="en_US" title="Check Alfresco REST API"/>
        </ExportManifestProperty>
        <ExportManifestProperty>
            <EntityAcl>
                <entriesInheriting>true</entriesInheriting>
                <owner>admin</owner>
                <ownerType>USER</ownerType>
            </EntityAcl>
        </ExportManifestProperty>
    </ExportManifestEntity>
    <ExportManifestEntity path="public/Alflytics/ETL/Util/Check Alfresco REST API.ktr">
        <ExportManifestProperty>
            <EntityMetaData name="Check Alfresco REST API.ktr" createdDate="2017-03-16T08:57:38.586+01:00" isFolder="false" path="public/Alflytics/ETL/Util/Check Alfresco REST API.ktr" isHidden="true" locale="en_US" title="Check Alfresco REST API"/>
        </ExportManifestProperty>
        <ExportManifestProperty>
            <EntityAcl>
                <entriesInheriting>true</entriesInheriting>
                <owner>admin</owner>
                <ownerType>USER</ownerType>
            </EntityAcl>
        </ExportManifestProperty>
    </ExportManifestEntity>
    <ExportManifestEntity path="public/Alflytics/ETL/Util/Data quality">
        <ExportManifestProperty>
            <EntityMetaData name="Data quality" createdDate="2017-03-16T08:58:04.153+01:00" isFolder="true" path="public/Alflytics/ETL/Util/Data quality" isHidden="false" locale="en_US" title="Data quality"/>
        </ExportManifestProperty>
        <ExportManifestProperty>
            <EntityAcl>
                <entriesInheriting>true</entriesInheriting>
                <owner>admin</owner>
                <ownerType>USER</ownerType>
            </EntityAcl>
        </ExportManifestProperty>
    </ExportManifestEntity>
    <ExportManifestEntity path="public/Alflytics/ETL/Util/Data quality/Batch id.ktr">
        <ExportManifestProperty>
            <EntityMetaData name="Batch id.ktr" createdDate="2017-03-16T08:58:30.859+01:00" isFolder="false" path="public/Alflytics/ETL/Util/Data quality/Batch id.ktr" isHidden="true" locale="en_US" title="Batch id"/>
        </ExportManifestProperty>
        <ExportManifestProperty>
            <EntityAcl>
                <entriesInheriting>true</entriesInheriting>
                <owner>admin</owner>
                <ownerType>USER</ownerType>
            </EntityAcl>
        </ExportManifestProperty>
    </ExportManifestEntity>
    <ExportManifestEntity path="public/Alflytics/ETL/Util/Data quality/Batch log.kjb">
        <ExportManifestProperty>
            <EntityMetaData name="Batch log.kjb" createdDate="2017-03-16T08:58:24.270+01:00" isFolder="false" path="public/Alflytics/ETL/Util/Data quality/Batch log.kjb" isHidden="true" locale="en_US" title="Batch log"/>
        </ExportManifestProperty>
        <ExportManifestProperty>
            <EntityAcl>
                <entriesInheriting>true</entriesInheriting>
                <owner>admin</owner>
                <ownerType>USER</ownerType>
            </EntityAcl>
        </ExportManifestProperty>
    </ExportManifestEntity>
    <ExportManifestEntity path="public/Alflytics/ETL/Util/Data quality/Batch log.ktr">
        <ExportManifestProperty>
            <EntityMetaData name="Batch log.ktr" createdDate="2017-03-16T08:58:26.889+01:00" isFolder="false" path="public/Alflytics/ETL/Util/Data quality/Batch log.ktr" isHidden="true" locale="en_US" title="Batch log"/>
        </ExportManifestProperty>
        <ExportManifestProperty>
            <EntityAcl>
                <entriesInheriting>true</entriesInheriting>
                <owner>admin</owner>
                <ownerType>USER</ownerType>
            </EntityAcl>
        </ExportManifestProperty>
    </ExportManifestEntity>
    <ExportManifestEntity path="public/Alflytics/ETL/Util/Data quality/Batch start.ktr">
        <ExportManifestProperty>
            <EntityMetaData name="Batch start.ktr" createdDate="2017-03-16T09:26:48.627+01:00" isFolder="false" path="public/Alflytics/ETL/Util/Data quality/Batch start.ktr" isHidden="true" locale="en_US" title="Batch start"/>
        </ExportManifestProperty>
        <ExportManifestProperty>
            <EntityAcl>
                <entriesInheriting>true</entriesInheriting>
                <owner>admin</owner>
                <ownerType>USER</ownerType>
            </EntityAcl>
        </ExportManifestProperty>
    </ExportManifestEntity>
    <ExportManifestEntity path="public/Alflytics/ETL/Util/Data quality/Data quality log.kjb">
        <ExportManifestProperty>
            <EntityMetaData name="Data quality log.kjb" createdDate="2017-03-16T08:58:34.368+01:00" isFolder="false" path="public/Alflytics/ETL/Util/Data quality/Data quality log.kjb" isHidden="true" locale="en_US" title="Data quality log"/>
        </ExportManifestProperty>
        <ExportManifestProperty>
            <EntityAcl>
                <entriesInheriting>true</entriesInheriting>
                <owner>admin</owner>
                <ownerType>USER</ownerType>
            </EntityAcl>
        </ExportManifestProperty>
    </ExportManifestEntity>
    <ExportManifestEntity path="public/Alflytics/ETL/Util/Data quality/Get Alfresco counter.kjb">
        <ExportManifestProperty>
            <EntityMetaData name="Get Alfresco counter.kjb" createdDate="2017-03-16T08:58:07.306+01:00" isFolder="false" path="public/Alflytics/ETL/Util/Data quality/Get Alfresco counter.kjb" isHidden="true" locale="en_US" title="Get Alfresco counter"/>
        </ExportManifestProperty>
        <ExportManifestProperty>
            <EntityAcl>
                <entriesInheriting>true</entriesInheriting>
                <owner>admin</owner>
                <ownerType>USER</ownerType>
            </EntityAcl>
        </ExportManifestProperty>
    </ExportManifestEntity>
    <ExportManifestEntity path="public/Alflytics/ETL/Util/Data quality/Get Alfresco counter.ktr">
        <ExportManifestProperty>
            <EntityMetaData name="Get Alfresco counter.ktr" createdDate="2017-03-16T08:58:19.019+01:00" isFolder="false" path="public/Alflytics/ETL/Util/Data quality/Get Alfresco counter.ktr" isHidden="true" locale="en_US" title="Get Alfresco counter"/>
        </ExportManifestProperty>
        <ExportManifestProperty>
            <EntityAcl>
                <entriesInheriting>true</entriesInheriting>
                <owner>admin</owner>
                <ownerType>USER</ownerType>
            </EntityAcl>
        </ExportManifestProperty>
    </ExportManifestEntity>
    <ExportManifestEntity path="public/Alflytics/ETL/Util/Get Alfresco audits.kjb">
        <ExportManifestProperty>
            <EntityMetaData name="Get Alfresco audits.kjb" createdDate="2017-03-16T09:27:24.288+01:00" isFolder="false" path="public/Alflytics/ETL/Util/Get Alfresco audits.kjb" isHidden="true" locale="en_US" title="Get Alfresco audits"/>
        </ExportManifestProperty>
        <ExportManifestProperty>
            <EntityAcl>
                <entriesInheriting>true</entriesInheriting>
                <owner>admin</owner>
                <ownerType>USER</ownerType>
            </EntityAcl>
        </ExportManifestProperty>
    </ExportManifestEntity>
    <ExportManifestEntity path="public/Alflytics/ETL/Util/Get Alfresco classes in variable.ktr">
        <ExportManifestProperty>
            <EntityMetaData name="Get Alfresco classes in variable.ktr" createdDate="2017-03-16T09:27:00.692+01:00" isFolder="false" path="public/Alflytics/ETL/Util/Get Alfresco classes in variable.ktr" isHidden="true" locale="en_US" title="Get Alfresco classes in variable"/>
        </ExportManifestProperty>
        <ExportManifestProperty>
            <EntityAcl>
                <entriesInheriting>true</entriesInheriting>
                <owner>admin</owner>
                <ownerType>USER</ownerType>
            </EntityAcl>
        </ExportManifestProperty>
    </ExportManifestEntity>
    <ExportManifestEntity path="public/Alflytics/ETL/Util/Get Alfresco info in variables.ktr">
        <ExportManifestProperty>
            <EntityMetaData name="Get Alfresco info in variables.ktr" createdDate="2017-03-16T09:26:50.772+01:00" isFolder="false" path="public/Alflytics/ETL/Util/Get Alfresco info in variables.ktr" isHidden="true" locale="en_US" title="Get Alfresco info in variables"/>
        </ExportManifestProperty>
        <ExportManifestProperty>
            <EntityAcl>
                <entriesInheriting>true</entriesInheriting>
                <owner>admin</owner>
                <ownerType>USER</ownerType>
            </EntityAcl>
        </ExportManifestProperty>
    </ExportManifestEntity>
    <ExportManifestEntity path="public/Alflytics/ETL/Util/Get Alfresco processes.kjb">
        <ExportManifestProperty>
            <EntityMetaData name="Get Alfresco processes.kjb" createdDate="2017-03-16T09:26:53.078+01:00" isFolder="false" path="public/Alflytics/ETL/Util/Get Alfresco processes.kjb" isHidden="true" locale="en_US" title="Get Alfresco processes"/>
        </ExportManifestProperty>
        <ExportManifestProperty>
            <EntityAcl>
                <entriesInheriting>true</entriesInheriting>
                <owner>admin</owner>
                <ownerType>USER</ownerType>
            </EntityAcl>
        </ExportManifestProperty>
    </ExportManifestEntity>
    <ExportManifestEntity path="public/Alflytics/ETL/Util/Get Alfresco repository.kjb">
        <ExportManifestProperty>
            <EntityMetaData name="Get Alfresco repository.kjb" createdDate="2017-03-16T08:57:47.301+01:00" isFolder="false" path="public/Alflytics/ETL/Util/Get Alfresco repository.kjb" isHidden="true" locale="en_US" title="Get Alfresco repository"/>
        </ExportManifestProperty>
        <ExportManifestProperty>
            <EntityAcl>
                <entriesInheriting>true</entriesInheriting>
                <owner>admin</owner>
                <ownerType>USER</ownerType>
            </EntityAcl>
        </ExportManifestProperty>
    </ExportManifestEntity>
    <ExportManifestEntity path="public/Alflytics/ETL/Util/Get Alfresco users.kjb">
        <ExportManifestProperty>
            <EntityMetaData name="Get Alfresco users.kjb" createdDate="2017-03-16T08:57:28.334+01:00" isFolder="false" path="public/Alflytics/ETL/Util/Get Alfresco users.kjb" isHidden="true" locale="en_US" title="Get Alfresco users"/>
        </ExportManifestProperty>
        <ExportManifestProperty>
            <EntityAcl>
                <entriesInheriting>true</entriesInheriting>
                <owner>admin</owner>
                <ownerType>USER</ownerType>
            </EntityAcl>
        </ExportManifestProperty>
    </ExportManifestEntity>
    <ExportManifestEntity path="public/Alflytics/ETL/Util/Get endpoints.ktr">
        <ExportManifestProperty>
            <EntityMetaData name="Get endpoints.ktr" createdDate="2017-03-16T08:57:25.534+01:00" isFolder="false" path="public/Alflytics/ETL/Util/Get endpoints.ktr" isHidden="true" locale="en_US" title="Get endpoints"/>
        </ExportManifestProperty>
        <ExportManifestProperty>
            <EntityAcl>
                <entriesInheriting>true</entriesInheriting>
                <owner>admin</owner>
                <ownerType>USER</ownerType>
            </EntityAcl>
        </ExportManifestProperty>
    </ExportManifestEntity>
    <ExportManifestEntity path="public/Alflytics/ETL/Util/Get from Alfresco.kjb">
        <ExportManifestProperty>
            <EntityMetaData name="Get from Alfresco.kjb" createdDate="2017-03-16T09:27:05.212+01:00" isFolder="false" path="public/Alflytics/ETL/Util/Get from Alfresco.kjb" isHidden="true" locale="en_US" title="Get from Alfresco"/>
        </ExportManifestProperty>
        <ExportManifestProperty>
            <EntityAcl>
                <entriesInheriting>true</entriesInheriting>
                <owner>admin</owner>
                <ownerType>USER</ownerType>
            </EntityAcl>
        </ExportManifestProperty>
    </ExportManifestEntity>
    <ExportManifestEntity path="public/Alflytics/ETL/Util/Get queries.ktr">
        <ExportManifestProperty>
            <EntityMetaData name="Get queries.ktr" createdDate="2017-03-16T08:57:41.886+01:00" isFolder="false" path="public/Alflytics/ETL/Util/Get queries.ktr" isHidden="true" locale="en_US" title="Get queries"/>
        </ExportManifestProperty>
        <ExportManifestProperty>
            <EntityAcl>
                <entriesInheriting>true</entriesInheriting>
                <owner>admin</owner>
                <ownerType>USER</ownerType>
            </EntityAcl>
        </ExportManifestProperty>
    </ExportManifestEntity>
    <ExportManifestEntity path="public/Alflytics/ETL/Util/Get rows from query.ktr">
        <ExportManifestProperty>
            <EntityMetaData name="Get rows from query.ktr" createdDate="2017-03-16T08:57:57.995+01:00" isFolder="false" path="public/Alflytics/ETL/Util/Get rows from query.ktr" isHidden="true" locale="en_US" title="Get rows from query"/>
        </ExportManifestProperty>
        <ExportManifestProperty>
            <EntityAcl>
                <entriesInheriting>true</entriesInheriting>
                <owner>admin</owner>
                <ownerType>USER</ownerType>
            </EntityAcl>
        </ExportManifestProperty>
    </ExportManifestEntity>
    <ExportManifestEntity path="public/Alflytics/ETL/Util/Get value from query.ktr">
        <ExportManifestProperty>
            <EntityMetaData name="Get value from query.ktr" createdDate="2017-03-16T09:27:12.555+01:00" isFolder="false" path="public/Alflytics/ETL/Util/Get value from query.ktr" isHidden="true" locale="en_US" title="Get value from query"/>
        </ExportManifestProperty>
        <ExportManifestProperty>
            <EntityAcl>
                <entriesInheriting>true</entriesInheriting>
                <owner>admin</owner>
                <ownerType>USER</ownerType>
            </EntityAcl>
        </ExportManifestProperty>
    </ExportManifestEntity>
    <ExportManifestEntity path="public/Alflytics/ETL/Util/Unit tests">
        <ExportManifestProperty>
            <EntityMetaData name="Unit tests" createdDate="2017-03-16T09:27:14.521+01:00" isFolder="true" path="public/Alflytics/ETL/Util/Unit tests" isHidden="false" locale="en_US" title="Unit tests"/>
        </ExportManifestProperty>
        <ExportManifestProperty>
            <EntityAcl>
                <entriesInheriting>true</entriesInheriting>
                <owner>admin</owner>
                <ownerType>USER</ownerType>
            </EntityAcl>
        </ExportManifestProperty>
    </ExportManifestEntity>
    <ExportManifestEntity path="public/Alflytics/ETL/Util/Unit tests/5.2">
        <ExportManifestProperty>
            <EntityMetaData name="5.2" createdDate="2017-03-16T09:27:14.707+01:00" isFolder="true" path="public/Alflytics/ETL/Util/Unit tests/5.2" isHidden="false" locale="en_US" title="5.2"/>
        </ExportManifestProperty>
        <ExportManifestProperty>
            <EntityAcl>
                <entriesInheriting>true</entriesInheriting>
                <owner>admin</owner>
                <ownerType>USER</ownerType>
            </EntityAcl>
        </ExportManifestProperty>
    </ExportManifestEntity>
    <ExportManifestEntity path="public/Alflytics/ETL/Util/Unit tests/5.2/Test 001 on sources 001.kjb">
        <ExportManifestProperty>
            <EntityMetaData name="Test 001 on sources 001.kjb" createdDate="2017-03-16T09:27:20.737+01:00" isFolder="false" path="public/Alflytics/ETL/Util/Unit tests/5.2/Test 001 on sources 001.kjb" isHidden="true" locale="en_US" title="Test 001 on sources 001"/>
        </ExportManifestProperty>
        <ExportManifestProperty>
            <EntityAcl>
                <entriesInheriting>true</entriesInheriting>
                <owner>admin</owner>
                <ownerType>USER</ownerType>
            </EntityAcl>
        </ExportManifestProperty>
    </ExportManifestEntity>
    <ExportManifestEntity path="public/Alflytics/ETL/Util/Unit tests/5.2/Test 001 on sources 001.ktr">
        <ExportManifestProperty>
            <EntityMetaData name="Test 001 on sources 001.ktr" createdDate="2017-03-16T09:27:15.921+01:00" isFolder="false" path="public/Alflytics/ETL/Util/Unit tests/5.2/Test 001 on sources 001.ktr" isHidden="true" locale="en_US" title="Test 001 on sources 001"/>
        </ExportManifestProperty>
        <ExportManifestProperty>
            <EntityAcl>
                <entriesInheriting>true</entriesInheriting>
                <owner>admin</owner>
                <ownerType>USER</ownerType>
            </EntityAcl>
        </ExportManifestProperty>
    </ExportManifestEntity>
    <ExportManifestEntity path="public/Alflytics/ETL/Util/Unit tests/5.2/Unit tests for Alfresco 5.2.kjb">
        <ExportManifestProperty>
            <EntityMetaData name="Unit tests for Alfresco 5.2.kjb" createdDate="2017-03-16T09:27:18.559+01:00" isFolder="false" path="public/Alflytics/ETL/Util/Unit tests/5.2/Unit tests for Alfresco 5.2.kjb" isHidden="true" locale="en_US" title="Unit tests for Alfresco 5.2"/>
        </ExportManifestProperty>
        <ExportManifestProperty>
            <EntityAcl>
                <entriesInheriting>true</entriesInheriting>
                <owner>admin</owner>
                <ownerType>USER</ownerType>
            </EntityAcl>
        </ExportManifestProperty>
    </ExportManifestEntity>
    <ExportManifestEntity path="public/Alflytics/ETL/Util/Update data structures for audit apps.ktr">
        <ExportManifestProperty>
            <EntityMetaData name="Update data structures for audit apps.ktr" createdDate="2017-03-16T08:57:35.859+01:00" isFolder="false" path="public/Alflytics/ETL/Util/Update data structures for audit apps.ktr" isHidden="true" locale="en_US" title="Update data structures for audit apps"/>
        </ExportManifestProperty>
        <ExportManifestProperty>
            <EntityAcl>
                <entriesInheriting>true</entriesInheriting>
                <owner>admin</owner>
                <ownerType>USER</ownerType>
            </EntityAcl>
        </ExportManifestProperty>
    </ExportManifestEntity>
    <ExportManifestEntity path="public/Alflytics/ETL/Util/Update data structures for classes.ktr">
        <ExportManifestProperty>
            <EntityMetaData name="Update data structures for classes.ktr" createdDate="2017-03-16T09:27:10.339+01:00" isFolder="false" path="public/Alflytics/ETL/Util/Update data structures for classes.ktr" isHidden="true" locale="en_US" title="Update data structures for classes"/>
        </ExportManifestProperty>
        <ExportManifestProperty>
            <EntityAcl>
                <entriesInheriting>true</entriesInheriting>
                <owner>admin</owner>
                <ownerType>USER</ownerType>
            </EntityAcl>
        </ExportManifestProperty>
    </ExportManifestEntity>
    <ExportManifestEntity path="public/Alflytics/Test.cdfde">
        <ExportManifestProperty>
            <EntityMetaData name="Test.cdfde" createdDate="2017-03-16T09:29:47.628+01:00" isFolder="false" path="public/Alflytics/Test.cdfde" isHidden="false" locale="en_US" title="Test"/>
        </ExportManifestProperty>
        <ExportManifestProperty>
            <EntityAcl>
                <entriesInheriting>true</entriesInheriting>
                <owner>admin</owner>
                <ownerType>USER</ownerType>
            </EntityAcl>
        </ExportManifestProperty>
    </ExportManifestEntity>
    <ExportManifestEntity path="public/Alflytics/Test.wcdf">
        <ExportManifestProperty>
            <EntityMetaData name="Test.wcdf" createdDate="2017-03-16T09:29:47.053+01:00" isFolder="false" path="public/Alflytics/Test.wcdf" isHidden="false" locale="en_US" title="Test"/>
        </ExportManifestProperty>
        <ExportManifestProperty>
            <EntityAcl>
                <entriesInheriting>true</entriesInheriting>
                <owner>admin</owner>
                <ownerType>USER</ownerType>
            </EntityAcl>
        </ExportManifestProperty>
    </ExportManifestEntity>
</ns2:ExportManifest>
