<?xml version="1.0" encoding="UTF-8" standalone="yes"?>
<ns2:ExportManifest xmlns:ns2="http://www.pentaho.com/schema/">
    <ExportManifestInformation exportDate="31-12-2016 10:01:39 CET" exportBy="admin" rootFolder="/" manifestVersion="2"/>
    <ExportManifestDatasource>
        <accessType>NATIVE</accessType>
        <accessTypeValue>NATIVE</accessTypeValue>
        <attributes>
            <entry>
                <key>CUSTOM_URL</key>
                <value>jdbc:hsqldb:hsql://localhost:9001/alflytics</value>
            </entry>
            <entry>
                <key>CUSTOM_DRIVER_CLASS</key>
                <value>org.hsqldb.jdbc.JDBCDriver</value>
            </entry>
        </attributes>
        <databaseType>
            <name>Generic database</name>
            <shortName>GENERIC</shortName>
            <supportedAccessTypes>NATIVE</supportedAccessTypes>
        </databaseType>
        <name>Alflytics</name>
        <password>password</password>
        <username>admin</username>
    </ExportManifestDatasource>
    <ExportManifestEntity path="public/Alflytics">
        <ExportManifestProperty>
            <EntityMetaData name="Alflytics" createdDate="2016-12-31T09:56:37.489+01:00" isFolder="true" path="public/Alflytics" isHidden="false" locale="en_US" title="Alflytics"/>
        </ExportManifestProperty>
        <ExportManifestProperty>
            <EntityAcl>
                <entriesInheriting>true</entriesInheriting>
                <owner>admin</owner>
                <ownerType>USER</ownerType>
            </EntityAcl>
        </ExportManifestProperty>
    </ExportManifestEntity>
    <ExportManifestEntity path="public/Alflytics/ETL">
        <ExportManifestProperty>
            <EntityMetaData name="ETL" createdDate="2016-12-31T09:58:22.224+01:00" isFolder="true" path="public/Alflytics/ETL" isHidden="false" locale="en_US" title="ETL"/>
        </ExportManifestProperty>
        <ExportManifestProperty>
            <EntityAcl>
                <entriesInheriting>true</entriesInheriting>
                <owner>admin</owner>
                <ownerType>USER</ownerType>
            </EntityAcl>
        </ExportManifestProperty>
    </ExportManifestEntity>
    <ExportManifestEntity path="public/Alflytics/Test.cdfde">
        <ExportManifestProperty>
            <EntityMetaData name="Test.cdfde" createdDate="2016-12-31T09:59:14.717+01:00" isFolder="false" path="public/Alflytics/Test.cdfde" isHidden="false" locale="en_US" title="Test.cdfde"/>
        </ExportManifestProperty>
        <ExportManifestProperty>
            <EntityAcl>
                <entriesInheriting>true</entriesInheriting>
                <owner>admin</owner>
                <ownerType>USER</ownerType>
            </EntityAcl>
        </ExportManifestProperty>
    </ExportManifestEntity>
    <ExportManifestEntity path="public/Alflytics/Test.wcdf">
        <ExportManifestProperty>
            <EntityMetaData name="Test.wcdf" createdDate="2016-12-31T09:59:14.666+01:00" isFolder="false" path="public/Alflytics/Test.wcdf" isHidden="false" locale="en_US" description="Test" title="Test"/>
        </ExportManifestProperty>
        <ExportManifestProperty>
            <EntityAcl>
                <entriesInheriting>true</entriesInheriting>
                <owner>admin</owner>
                <ownerType>USER</ownerType>
            </EntityAcl>
        </ExportManifestProperty>
    </ExportManifestEntity>
</ns2:ExportManifest>
