<?xml version="1.0" encoding="UTF-8" standalone="yes"?>
<ns2:ExportManifest xmlns:ns2="http://www.pentaho.com/schema/">
    <ExportManifestInformation exportDate="07-01-2017 09:16:12 CET" exportBy="admin" rootFolder="/" manifestVersion="2"/>
    <ExportManifestEntity path="public/Alflytics">
        <ExportManifestProperty>
            <EntityMetaData name="Alflytics" createdDate="2017-01-07T21:05:07.827+01:00" isFolder="true" path="public/Alflytics" isHidden="false" locale="en_US" title="Alflytics"/>
        </ExportManifestProperty>
        <ExportManifestProperty>
            <EntityAcl>
                <entriesInheriting>true</entriesInheriting>
                <owner>admin</owner>
                <ownerType>USER</ownerType>
            </EntityAcl>
        </ExportManifestProperty>
    </ExportManifestEntity>
    <ExportManifestEntity path="public/Alflytics/ETL">
        <ExportManifestProperty>
            <EntityMetaData name="ETL" createdDate="2017-01-07T21:05:08.025+01:00" isFolder="true" path="public/Alflytics/ETL" isHidden="false" locale="en_US" title="ETL"/>
        </ExportManifestProperty>
        <ExportManifestProperty>
            <EntityAcl>
                <entriesInheriting>true</entriesInheriting>
                <owner>admin</owner>
                <ownerType>USER</ownerType>
            </EntityAcl>
        </ExportManifestProperty>
    </ExportManifestEntity>
    <ExportManifestEntity path="public/Alflytics/ETL/Get all on alfresco id.kjb">
        <ExportManifestProperty>
            <EntityMetaData name="Get all on alfresco id.kjb" createdDate="2017-01-07T21:13:53.312+01:00" isFolder="false" path="public/Alflytics/ETL/Get all on alfresco id.kjb" isHidden="false" locale="en_US" title="Get all on alfresco id"/>
        </ExportManifestProperty>
        <ExportManifestProperty>
            <EntityAcl>
                <entriesInheriting>true</entriesInheriting>
                <owner>admin</owner>
                <ownerType>USER</ownerType>
            </EntityAcl>
        </ExportManifestProperty>
    </ExportManifestEntity>
    <ExportManifestEntity path="public/Alflytics/ETL/Get all.kjb">
        <ExportManifestProperty>
            <EntityMetaData name="Get all.kjb" createdDate="2017-01-07T21:13:41.105+01:00" isFolder="false" path="public/Alflytics/ETL/Get all.kjb" isHidden="false" locale="en_US" title="Get all"/>
        </ExportManifestProperty>
        <ExportManifestProperty>
            <EntityAcl>
                <entriesInheriting>true</entriesInheriting>
                <owner>admin</owner>
                <ownerType>USER</ownerType>
            </EntityAcl>
        </ExportManifestProperty>
    </ExportManifestEntity>
    <ExportManifestEntity path="public/Alflytics/ETL/Util">
        <ExportManifestProperty>
            <EntityMetaData name="Util" createdDate="2017-01-07T21:05:08.059+01:00" isFolder="true" path="public/Alflytics/ETL/Util" isHidden="false" locale="en_US" title="Util"/>
        </ExportManifestProperty>
        <ExportManifestProperty>
            <EntityAcl>
                <entriesInheriting>true</entriesInheriting>
                <owner>admin</owner>
                <ownerType>USER</ownerType>
            </EntityAcl>
        </ExportManifestProperty>
    </ExportManifestEntity>
    <ExportManifestEntity path="public/Alflytics/ETL/Util/Get alfresco Ids.ktr">
        <ExportManifestProperty>
            <EntityMetaData name="Get alfresco Ids.ktr" createdDate="2017-01-07T21:15:44.027+01:00" isFolder="false" path="public/Alflytics/ETL/Util/Get alfresco Ids.ktr" isHidden="false" locale="en_US" title="Get alfresco Ids"/>
        </ExportManifestProperty>
        <ExportManifestProperty>
            <EntityAcl>
                <entriesInheriting>true</entriesInheriting>
                <owner>admin</owner>
                <ownerType>USER</ownerType>
            </EntityAcl>
        </ExportManifestProperty>
    </ExportManifestEntity>
    <ExportManifestEntity path="public/Alflytics/ETL/Util/Get queries.ktr">
        <ExportManifestProperty>
            <EntityMetaData name="Get queries.ktr" createdDate="2017-01-07T21:05:08.159+01:00" isFolder="false" path="public/Alflytics/ETL/Util/Get queries.ktr" isHidden="true" locale="en_US" title="Get queries"/>
        </ExportManifestProperty>
        <ExportManifestProperty>
            <EntityAcl>
                <entriesInheriting>true</entriesInheriting>
                <owner>admin</owner>
                <ownerType>USER</ownerType>
            </EntityAcl>
        </ExportManifestProperty>
    </ExportManifestEntity>
    <ExportManifestEntity path="public/Alflytics/Test.cdfde">
        <ExportManifestProperty>
            <EntityMetaData name="Test.cdfde" createdDate="2017-01-07T21:05:07.962+01:00" isFolder="false" path="public/Alflytics/Test.cdfde" isHidden="false" locale="en_US" title="Test"/>
        </ExportManifestProperty>
        <ExportManifestProperty>
            <EntityAcl>
                <entriesInheriting>true</entriesInheriting>
                <owner>admin</owner>
                <ownerType>USER</ownerType>
            </EntityAcl>
        </ExportManifestProperty>
    </ExportManifestEntity>
    <ExportManifestEntity path="public/Alflytics/Test.wcdf">
        <ExportManifestProperty>
            <EntityMetaData name="Test.wcdf" createdDate="2017-01-07T21:05:07.888+01:00" isFolder="false" path="public/Alflytics/Test.wcdf" isHidden="false" locale="en_US" title="Test"/>
        </ExportManifestProperty>
        <ExportManifestProperty>
            <EntityAcl>
                <entriesInheriting>true</entriesInheriting>
                <owner>admin</owner>
                <ownerType>USER</ownerType>
            </EntityAcl>
        </ExportManifestProperty>
    </ExportManifestEntity>
</ns2:ExportManifest>
