<Schema name="Alflytics" description="Alflytics by Francesco Corti (fcorti@gmail.com)" measuresCaption="Measures">

  <Dimension type="StandardDimension" visible="true" highCardinality="false" name="Action" description="Action">
    <Hierarchy name="Action" visible="true" hasAll="true" primaryKeyTable="DWH_ALF_DIM_ACTIONS" primaryKey="ID" description="Action">
      <Table name="DWH_ALF_DIM_ACTIONS" keyColumn="ID" />
      <Level name="Action" visible="true" table="DWH_ALF_DIM_ACTIONS" column="ID" nameColumn="DESCRIPTION" type="Integer" uniqueMembers="true" levelType="Regular" hideMemberIf="Never" />
    </Hierarchy>
  </Dimension>

  <Dimension type="StandardDimension" visible="true" highCardinality="true" name="Alfresco content" description="Alfresco content">
    <Hierarchy name="Alfresco content" visible="true" hasAll="true" primaryKeyTable="DWH_ALF_DIM_CONTENTS" primaryKey="ID" description="Alfresco content">
      <Table name="DWH_ALF_DIM_CONTENTS" keyColumn="ID" />
      <Level name="Alfresco content" visible="true" table="DWH_ALF_DIM_CONTENTS" column="ID" nameColumn="NAME" type="Integer" uniqueMembers="true" levelType="Regular" hideMemberIf="Never" />
    </Hierarchy>
  </Dimension>

  <Dimension type="StandardDimension" visible="true" highCardinality="true" name="Alfresco folder" description="Alfresco folder">
    <Hierarchy name="Alfresco folder" visible="true" hasAll="true" primaryKeyTable="DWH_ALF_DIM_FOLDERS" primaryKey="ID" description="Alfresco folder">
      <Table name="DWH_ALF_DIM_FOLDERS" keyColumn="ID" />
      <Level name="Alfresco folder" visible="true" table="DWH_ALF_DIM_FOLDERS" column="ID" nameColumn="NAME" type="Integer" uniqueMembers="true" levelType="Regular" hideMemberIf="Never" />
    </Hierarchy>
  </Dimension>

  <Dimension type="StandardDimension" visible="true" highCardinality="false" name="Alfresco instance" description="Alfresco instance">
    <Hierarchy name="Alfresco instance" visible="true" hasAll="true" primaryKeyTable="DWH_ALF_DIM_INSTANCES" primaryKey="ID" description="Alfresco instance">
      <Table name="DWH_ALF_DIM_INSTANCES" keyColumn="ID" />
      <Level name="Alfresco instance" visible="true" table="DWH_ALF_DIM_INSTANCES" column="ID" nameColumn="DESCRIPTION" type="Integer" uniqueMembers="true" levelType="Regular" hideMemberIf="Never" />
    </Hierarchy>
  </Dimension>

  <Dimension type="StandardDimension" visible="true" highCardinality="false" name="Creation date" description="Creation date">
    <Hierarchy name="Creation date" visible="true" hasAll="true" primaryKeyTable="DWH_DIM_DATES" primaryKey="ID" description="Creation date">
      <Join leftKey="MONTH_ID" rightAlias="DWH_DIM_DATES_MONTHS" rightKey="ID">
        <Table name="DWH_DIM_DATES" keyColumn="ID" />
        <Join leftKey="YEAR_ID" rightAlias="DWH_DIM_DATES_YEARS" rightKey="ID">
          <Table name="DWH_DIM_DATES_MONTHS" keyColumn="ID" />
          <Table name="DWH_DIM_DATES_YEARS" keyColumn="ID" />
        </Join>
      </Join>
      <Level name="Creation year" visible="true" table="DWH_DIM_DATES_YEARS" column="ID" nameColumn="DESCRIPTION" type="Integer" uniqueMembers="true" levelType="Regular" hideMemberIf="Never" />
      <Level name="Creation month" visible="true" table="DWH_DIM_DATES_MONTHS" column="ID" nameColumn="DESCRIPTION" type="Date" uniqueMembers="true" levelType="Regular" hideMemberIf="Never" />
      <Level name="Creation date" visible="true" table="DWH_DIM_DATES" column="ID" nameColumn="DESCRIPTION" type="Date" uniqueMembers="true" levelType="Regular" hideMemberIf="Never" />
    </Hierarchy>
  </Dimension>

  <Dimension type="StandardDimension" visible="true" highCardinality="false" name="Category" description="Category">
    <Hierarchy name="Category" visible="true" hasAll="true" primaryKeyTable="DWH_ALF_DIM_CATEGORIES" primaryKey="ID" description="Category">
      <Table name="DWH_ALF_DIM_CATEGORIES" keyColumn="ID" />
      <Level name="Category" visible="true" table="DWH_ALF_DIM_CATEGORIES" column="ID" nameColumn="NAME" type="Integer" uniqueMembers="true" levelType="Regular" hideMemberIf="Never" />
    </Hierarchy>
  </Dimension>

  <Dimension type="StandardDimension" visible="true" highCardinality="false" name="Creation time" description="Creation time">
    <Hierarchy name="Creation time" visible="true" hasAll="true" primaryKeyTable="DWH_DIM_TIME_MINUTES" primaryKey="ID" description="Creation time">
      <Join leftKey="HOUR_ID" rightAlias="DWH_DIM_TIME_HOURS" rightKey="ID">
        <Table name="DWH_DIM_TIME_MINUTES" keyColumn="ID" />
        <Table name="DWH_DIM_TIME_HOURS" keyColumn="ID" />
      </Join>
      <Level name="Creation hour" visible="true" table="DWH_DIM_TIME_HOURS" column="ID" nameColumn="DESCRIPTION" type="Integer" uniqueMembers="true" levelType="Regular" hideMemberIf="Never" />
      <Level name="Creation minute" visible="true" table="DWH_DIM_TIME_MINUTES" column="ID" nameColumn="DESCRIPTION" type="Integer" uniqueMembers="true" levelType="Regular" hideMemberIf="Never" />
    </Hierarchy>
  </Dimension>

  <Dimension type="StandardDimension" visible="true" highCardinality="false" name="Creator" description="Creator">
    <Hierarchy name="Creator" visible="true" hasAll="true" primaryKeyTable="DWH_ALF_DIM_USERS" primaryKey="ID" description="Creator">
      <Table name="DWH_ALF_DIM_USERS" keyColumn="ID" />
      <Level name="Creator" visible="true" table="DWH_ALF_DIM_USERS" column="ID" nameColumn="ALF_ID" type="Integer" uniqueMembers="true" levelType="Regular" hideMemberIf="Never" />
    </Hierarchy>
  </Dimension>

  <Dimension type="StandardDimension" visible="true" highCardinality="false" name="Date" description="Date">
    <Hierarchy name="Date" visible="true" hasAll="true" primaryKeyTable="DWH_DIM_DATES" primaryKey="ID" description="Date">
      <Join leftKey="MONTH_ID" rightAlias="DWH_DIM_DATES_MONTHS" rightKey="ID">
        <Table name="DWH_DIM_DATES" keyColumn="ID" />
        <Join leftKey="YEAR_ID" rightAlias="DWH_DIM_DATES_YEARS" rightKey="ID">
          <Table name="DWH_DIM_DATES_MONTHS" keyColumn="ID" />
          <Table name="DWH_DIM_DATES_YEARS" keyColumn="ID" />
        </Join>
      </Join>
      <Level name="Year" visible="true" table="DWH_DIM_DATES_YEARS" column="ID" nameColumn="DESCRIPTION" type="Integer" uniqueMembers="true" levelType="Regular" hideMemberIf="Never" />
      <Level name="Month" visible="true" table="DWH_DIM_DATES_MONTHS" column="ID" nameColumn="DESCRIPTION" type="Date" uniqueMembers="true" levelType="Regular" hideMemberIf="Never" />
      <Level name="Date" visible="true" table="DWH_DIM_DATES" column="ID" nameColumn="DESCRIPTION" type="Date" uniqueMembers="true" levelType="Regular" hideMemberIf="Never" />
    </Hierarchy>
  </Dimension>

  <Dimension type="StandardDimension" visible="true" highCardinality="false" name="Mime type" description="Mime type">
    <Hierarchy name="Mime type" visible="true" hasAll="true" primaryKeyTable="DWH_ALF_DIM_MIME_TYPES" primaryKey="ID" description="Mime type">
      <Table name="DWH_ALF_DIM_MIME_TYPES" keyColumn="ID" />
      <Level name="Mime type" visible="true" table="DWH_ALF_DIM_MIME_TYPES" column="ID" nameColumn="DESCRIPTION" type="Integer" uniqueMembers="true" levelType="Regular" hideMemberIf="Never" />
    </Hierarchy>
  </Dimension>

  <Dimension type="StandardDimension" visible="true" highCardinality="false" name="Modification date" description="Modification date">
    <Hierarchy name="Modification date" visible="true" hasAll="true" primaryKeyTable="DWH_DIM_DATES" primaryKey="ID" description="Modification date">
      <Join leftKey="MONTH_ID" rightAlias="DWH_DIM_DATES_MONTHS" rightKey="ID">
        <Table name="DWH_DIM_DATES" keyColumn="ID" />
        <Join leftKey="YEAR_ID" rightAlias="DWH_DIM_DATES_YEARS" rightKey="ID">
          <Table name="DWH_DIM_DATES_MONTHS" keyColumn="ID" />
          <Table name="DWH_DIM_DATES_YEARS" keyColumn="ID" />
        </Join>
      </Join>
      <Level name="Modification year" visible="true" table="DWH_DIM_DATES_YEARS" column="ID" nameColumn="DESCRIPTION" type="Integer" uniqueMembers="true" levelType="Regular" hideMemberIf="Never" />
      <Level name="Modification month" visible="true" table="DWH_DIM_DATES_MONTHS" column="ID" nameColumn="DESCRIPTION" type="Date" uniqueMembers="true" levelType="Regular" hideMemberIf="Never" />
      <Level name="Modification date" visible="true" table="DWH_DIM_DATES" column="ID" nameColumn="DESCRIPTION" type="Date" uniqueMembers="true" levelType="Regular" hideMemberIf="Never" />
    </Hierarchy>
  </Dimension>

  <Dimension type="StandardDimension" visible="true" highCardinality="false" name="Modification time" description="Modification time">
    <Hierarchy name="Modification time" visible="true" hasAll="true" primaryKeyTable="DWH_DIM_TIME_MINUTES" primaryKey="ID" description="Modification time">
      <Join leftKey="HOUR_ID" rightAlias="DWH_DIM_TIME_HOURS" rightKey="ID">
        <Table name="DWH_DIM_TIME_MINUTES" keyColumn="ID" />
        <Table name="DWH_DIM_TIME_HOURS" keyColumn="ID" />
      </Join>
      <Level name="Modification hour" visible="true" table="DWH_DIM_TIME_HOURS" column="ID" nameColumn="DESCRIPTION" type="Integer" uniqueMembers="true" levelType="Regular" hideMemberIf="Never" />
      <Level name="Modification minute" visible="true" table="DWH_DIM_TIME_MINUTES" column="ID" nameColumn="DESCRIPTION" type="Integer" uniqueMembers="true" levelType="Regular" hideMemberIf="Never" />
    </Hierarchy>
  </Dimension>

  <Dimension type="StandardDimension" visible="true" highCardinality="false" name="Modifier" description="Modifier">
    <Hierarchy name="Modifier" visible="true" hasAll="true" primaryKeyTable="DWH_ALF_DIM_USERS" primaryKey="ID" description="Modifier">
      <Table name="DWH_ALF_DIM_USERS" keyColumn="ID" />
      <Level name="Modifier" visible="true" table="DWH_ALF_DIM_USERS" column="ID" nameColumn="ALF_ID" type="Integer" uniqueMembers="true" levelType="Regular" hideMemberIf="Never" />
    </Hierarchy>
  </Dimension>

  <Dimension type="StandardDimension" visible="true" highCardinality="false" name="Node type" description="Node type">
    <Hierarchy name="Node type" visible="true" hasAll="true" primaryKeyTable="DWH_ALF_DIM_NODE_TYPES" primaryKey="ID" description="Node type">
      <Table name="DWH_ALF_DIM_NODE_TYPES" keyColumn="ID" />
      <Level name="Node type" visible="true" table="DWH_ALF_DIM_NODE_TYPES" column="ID" nameColumn="DESCRIPTION" type="Integer" uniqueMembers="true" levelType="Regular" hideMemberIf="Never" />
    </Hierarchy>
  </Dimension>

  <Dimension type="StandardDimension" visible="true" highCardinality="false" name="Owner" description="Owner">
    <Hierarchy name="Owner" visible="true" hasAll="true" primaryKeyTable="DWH_ALF_DIM_USERS" primaryKey="ID" description="Owner">
      <Table name="DWH_ALF_DIM_USERS" keyColumn="ID" />
      <Level name="Owner" visible="true" table="DWH_ALF_DIM_USERS" column="ID" nameColumn="ALF_ID" type="Integer" uniqueMembers="true" levelType="Regular" hideMemberIf="Never" />
    </Hierarchy>
  </Dimension>

  <Dimension type="StandardDimension" visible="true" highCardinality="false" name="Tag" description="Tag">
    <Hierarchy name="Tag" visible="true" hasAll="true" primaryKeyTable="DWH_ALF_DIM_TAGS" primaryKey="ID" description="Tag">
      <Table name="DWH_ALF_DIM_TAGS" keyColumn="ID" />
      <Level name="Tag" visible="true" table="DWH_ALF_DIM_TAGS" column="ID" nameColumn="NAME" type="Integer" uniqueMembers="true" levelType="Regular" hideMemberIf="Never" />
    </Hierarchy>
  </Dimension>

  <Dimension type="StandardDimension" visible="true" highCardinality="false" name="Time" description="Time">
    <Hierarchy name="Time" visible="true" hasAll="true" primaryKeyTable="DWH_DIM_TIME_MINUTES" primaryKey="ID" description="Time">
      <Join leftKey="HOUR_ID" rightAlias="DWH_DIM_TIME_HOURS" rightKey="ID">
        <Table name="DWH_DIM_TIME_MINUTES" keyColumn="ID" />
        <Table name="DWH_DIM_TIME_HOURS" keyColumn="ID" />
      </Join>
      <Level name="Hour" visible="true" table="DWH_DIM_TIME_HOURS" column="ID" nameColumn="DESCRIPTION" type="Integer" uniqueMembers="true" levelType="Regular" hideMemberIf="Never" />
      <Level name="Minute" visible="true" table="DWH_DIM_TIME_MINUTES" column="ID" nameColumn="DESCRIPTION" type="Integer" uniqueMembers="true" levelType="Regular" hideMemberIf="Never" />
    </Hierarchy>
  </Dimension>

  <Dimension type="StandardDimension" visible="true" highCardinality="false" name="User" description="User">
    <Hierarchy name="User" visible="true" hasAll="true" primaryKeyTable="DWH_ALF_DIM_USERS" primaryKey="ID" description="User">
      <Table name="DWH_ALF_DIM_USERS" keyColumn="ID" />
      <Level name="User" visible="true" table="DWH_ALF_DIM_USERS" column="ID" nameColumn="ALF_ID" type="Integer" uniqueMembers="true" levelType="Regular" hideMemberIf="Never" />
    </Hierarchy>
  </Dimension>

  <Cube name="AlfrescoAuditTrail" caption="Alfresco audit trail" visible="true" description="Alfresco audit trail by Francesco Corti (fcorti@gmail.com)" cache="true" enabled="true">
    <Table name="DWH_ALF_FACT_ACCESSES" />
    <DimensionUsage source="Action" name="Action" visible="true" foreignKey="ACTION_ID" highCardinality="false" />
    <DimensionUsage source="Alfresco instance" name="Alfresco instance" visible="true" foreignKey="INSTANCE_ID" highCardinality="false" />
    <DimensionUsage source="Date" name="Date" visible="true" foreignKey="DATE_ID" highCardinality="false" />
    <Dimension type="StandardDimension" visible="true" highCardinality="true" name="Node path" description="Node path" foreignKey="NODE_PATH">
      <Hierarchy name="Node path" visible="true" hasAll="true" primaryKey="NODE_PATH" description="Node path">
        <Level name="Node path" visible="true" column="NODE_PATH" nameColumn="NODE_PATH" type="String" uniqueMembers="true" levelType="Regular" hideMemberIf="Never" />
      </Hierarchy>
    </Dimension>
    <DimensionUsage source="Time" name="Time" visible="true" foreignKey="MINUTE_ID" highCardinality="false" />
    <DimensionUsage source="User" name="User" visible="true" foreignKey="USER_ID" highCardinality="false" />
    <Dimension type="StandardDimension" visible="true" highCardinality="true" name="User description" description="User description" foreignKey="USER_DESCRIPTION">
      <Hierarchy name="User description" visible="true" hasAll="true" primaryKey="USER_DESCRIPTION" description="User description">
        <Level name="User description" visible="true" column="USER_DESCRIPTION" nameColumn="USER_DESCRIPTION" type="String" uniqueMembers="true" levelType="Regular" hideMemberIf="Never" />
      </Hierarchy>
    </Dimension>
    <Measure name="Actions" datatype="Integer" aggregator="count" caption="Actions" description="Actions" visible="true" />
  </Cube>

  <Cube name="AlfrescoContents" caption="Alfresco content" visible="true" description="Alfresco content by Francesco Corti (fcorti@gmail.com)" cache="true" enabled="true">
    <Table name="DWH_ALF_DIM_CONTENTS" keyColumn="ID" />
    <DimensionUsage source="Alfresco instance" name="Alfresco instance" visible="true" foreignKey="INSTANCE_ID" highCardinality="false" />
    <DimensionUsage source="Creation date" name="Creation date" visible="true" foreignKey="CREATED_DT" highCardinality="false" />
    <DimensionUsage source="Creation time" name="Creation time" visible="true" foreignKey="CREATED_AT" highCardinality="false" />
    <DimensionUsage source="Creator" name="Creator" visible="true" foreignKey="CREATED_BY_ID" highCardinality="false" />
    <DimensionUsage source="Mime type" name="Mime type" visible="true" foreignKey="NODE_TYPE_ID" highCardinality="false" />
    <DimensionUsage source="Modification date" name="Modification date" visible="true" foreignKey="MODIFIED_DT" highCardinality="false" />
    <DimensionUsage source="Modification time" name="Modification time" visible="true" foreignKey="MODIFIED_AT" highCardinality="false" />
    <DimensionUsage source="Modifier" name="Modifier" visible="true" foreignKey="MODIFIED_BY_ID" highCardinality="false" />
    <Dimension type="StandardDimension" visible="true" highCardinality="true" name="Name" description="Name" foreignKey="ID">
      <Hierarchy name="Name" visible="true" hasAll="true" primaryKey="ID" description="Name">
        <Level name="Name" visible="true" column="ID" nameColumn="NAME" type="Integer" uniqueMembers="false" levelType="Regular" hideMemberIf="Never" />
      </Hierarchy>
    </Dimension>
    <DimensionUsage source="Node type" name="Node type" visible="true" foreignKey="NODE_TYPE_ID" highCardinality="false" />
    <DimensionUsage source="Owner" name="Owner" visible="true" foreignKey="OWNER_ID" highCardinality="false" />
    <Measure name="Num" datatype="Integer" aggregator="count" caption="Num" description="Num" visible="true" />
    <Measure name="Bytes" datatype="Integer" column="SIZE_IN_BYTES" aggregator="sum" caption="Bytes" description="Bytes" visible="false" />
    <CalculatedMember name="MBytes" formatString="" formula="[Measures].[Bytes] / (1024*1024)" dimension="Measures" visible="true" />
    <CalculatedMember name="GBytes" formatString="" formula="[Measures].[Bytes] / (1024*1024*1024)" dimension="Measures" visible="true" />
  </Cube>

  <Cube name="AlfrescoFolders" caption="Alfresco folders" visible="true" description="Alfresco folders by Francesco Corti (fcorti@gmail.com)" cache="true" enabled="true">
    <Table name="DWH_ALF_DIM_FOLDERS" keyColumn="ID" />
    <DimensionUsage source="Alfresco instance" name="Alfresco instance" visible="true" foreignKey="INSTANCE_ID" highCardinality="false" />
    <DimensionUsage source="Creation date" name="Creation date" visible="true" foreignKey="CREATED_DT" highCardinality="false" />
    <DimensionUsage source="Creation time" name="Creation time" visible="true" foreignKey="CREATED_AT" highCardinality="false" />
    <DimensionUsage source="Creator" name="Creator" visible="true" foreignKey="CREATED_BY_ID" highCardinality="false" />
    <DimensionUsage source="Modification date" name="Modification date" visible="true" foreignKey="MODIFIED_DT" highCardinality="false" />
    <DimensionUsage source="Modification time" name="Modification time" visible="true" foreignKey="MODIFIED_AT" highCardinality="false" />
    <DimensionUsage source="Modifier" name="Modifier" visible="true" foreignKey="MODIFIED_BY_ID" highCardinality="false" />
    <Dimension type="StandardDimension" visible="true" highCardinality="true" name="Name" description="Name" foreignKey="ID">
      <Hierarchy name="Name" visible="true" hasAll="true" primaryKey="ID" description="Name">
        <Level name="Name" visible="true" column="ID" nameColumn="NAME" type="Integer" uniqueMembers="false" levelType="Regular" hideMemberIf="Never" />
      </Hierarchy>
    </Dimension>
    <DimensionUsage source="Node type" name="Node type" visible="true" foreignKey="NODE_TYPE_ID" highCardinality="false" />
    <DimensionUsage source="Owner" name="Owner" visible="true" foreignKey="OWNER_ID" highCardinality="false" />
    <Measure name="Num" datatype="Integer" aggregator="count" caption="Num" description="Num" visible="true" />
  </Cube>

  <Cube name="AlfrescoCategories" caption="Alfresco categories" visible="true" description="Alfresco categories by Francesco Corti (fcorti@gmail.com)" cache="true" enabled="true">
    <Table name="VW_DWH_ALF_FACT_CATEGORIES" keyColumn="ID" />
    <DimensionUsage source="Alfresco content" name="Alfresco content" visible="true" foreignKey="CONTENT_ID" highCardinality="true" />
    <DimensionUsage source="Alfresco folder" name="Alfresco folder" visible="true" foreignKey="FOLDER_ID" highCardinality="true" />
    <DimensionUsage source="Alfresco instance" name="Alfresco instance" visible="true" foreignKey="INSTANCE_ID" highCardinality="false" />
    <DimensionUsage source="Category" name="Category" visible="true" foreignKey="CATEGORY_ID" highCardinality="false" />
    <Dimension type="StandardDimension" visible="true" highCardinality="false" name="Ordinal" description="Ordinal" foreignKey="ORDINAL">
      <Hierarchy name="Ordinal" visible="true" hasAll="true" primaryKey="ORDINAL" description="Ordinal">
        <Level name="Ordinal" visible="true" column="ORDINAL" nameColumn="ORDINAL" type="Integer" uniqueMembers="true" levelType="Regular" hideMemberIf="Never" />
      </Hierarchy>
    </Dimension>
    <Measure name="Num" datatype="Integer" aggregator="count" caption="Num" description="Num" visible="true" />
  </Cube>

  <Cube name="AlfrescoTags" caption="Alfresco tags" visible="true" description="Alfresco tags by Francesco Corti (fcorti@gmail.com)" cache="true" enabled="true">
    <Table name="VW_DWH_ALF_FACT_TAGS" keyColumn="ID" />
    <DimensionUsage source="Alfresco content" name="Alfresco content" visible="true" foreignKey="CONTENT_ID" highCardinality="true" />
    <DimensionUsage source="Alfresco folder" name="Alfresco folder" visible="true" foreignKey="FOLDER_ID" highCardinality="true" />
    <DimensionUsage source="Alfresco instance" name="Alfresco instance" visible="true" foreignKey="INSTANCE_ID" highCardinality="false" />
    <DimensionUsage source="Tag" name="Tag" visible="true" foreignKey="TAG_ID" highCardinality="false" />
    <Dimension type="StandardDimension" visible="true" highCardinality="false" name="Ordinal" description="Ordinal" foreignKey="ORDINAL">
      <Hierarchy name="Ordinal" visible="true" hasAll="true" primaryKey="ORDINAL" description="Ordinal">
        <Level name="Ordinal" visible="true" column="ORDINAL" nameColumn="ORDINAL" type="Integer" uniqueMembers="true" levelType="Regular" hideMemberIf="Never" />
      </Hierarchy>
    </Dimension>
    <Measure name="Num" datatype="Integer" aggregator="count" caption="Num" description="Num" visible="true" />
  </Cube>

</Schema>
